<settings>
		<mymusic>
				<playlist>
						<repeat>true</repeat>
						<shuffle>true</shuffle>
				</playlist>
		</mymusic>
		<myvideos>
				<startwindow>10024</startwindow>
				<stackvideomode>0</stackvideomode>
				<defaultlibview pathversion="1">
				</defaultlibview>
				<watchmode>0</watchmode>
				<flatten>false</flatten>
				<playlist>
						<repeat>false</repeat>
						<shuffle>false</shuffle>
				</playlist>
				<cleanstrings>false</cleanstrings>
				<extractflags>false</extractflags>
				<extractthumb>false</extractthumb>
				<treatstackasfile>true</treatstackasfile>
		</myvideos>
		<general>
				<systemtotaluptime>0</systemtotaluptime>
				<httpapibroadcastport>8278</httpapibroadcastport>
				<httpapibroadcastlevel>0</httpapibroadcastlevel>
		</general>
		<defaultvideosettings>
				<interlacemethod>0</interlacemethod>
				<filmgrain>0.000000</filmgrain>
				<noisereduction>0.000000</noisereduction>
				<postprocess>false</postprocess>
				<sharpness>0.000000</sharpness>
				<viewmode>0</viewmode>
				<zoomamount>1.000000</zoomamount>
				<pixelratio>1.000000</pixelratio>
				<volumeamplification>0.000000</volumeamplification>
				<outputtoallspeakers>false</outputtoallspeakers>
				<showsubtitles>true</showsubtitles>
				<brightness>50.000000</brightness>
				<contrast>50.000000</contrast>
				<gamma>20.000000</gamma>
				<audiodelay>0.000000</audiodelay>
				<subtitledelay>0.000000</subtitledelay>
		</defaultvideosettings>
		<audiooutput>
				<aacpassthrough>false</aacpassthrough>
				<ac3passthrough>false</ac3passthrough>
				<downmixmultichannel>true</downmixmultichannel>
				<dtspassthrough>false</dtspassthrough>
				<mode>0</mode>
		</audiooutput>
		<autodetect>
				<nickname>---</nickname>
				<onoff>false</onoff>
				<popupinfo>true</popupinfo>
				<senduserpw>true</senduserpw>
		</autodetect>
		<autorun>
				<cdda>false</cdda>
				<dvd>false</dvd>
				<music>false</music>
				<pictures>false</pictures>
				<vcd>false</vcd>
				<video>false</video>
				<xbox>false</xbox>
		</autorun>
		<cache>
				<harddisk>256</harddisk>
		</cache>
		<cacheaudio>
				<dvdrom>256</dvdrom>
				<internet>256</internet>
				<lan>256</lan>
		</cacheaudio>
		<cacheunknown>
				<internet>1024</internet>
		</cacheunknown>
		<cachevideo>
				<dvdrom>1024</dvdrom>
				<internet>1024</internet>
				<lan>1024</lan>
		</cachevideo>
		<debug>
				<screenshotpath pathversion="1">Special://xbmc/system/Screenshots/</screenshotpath>
				<showloginfo>false</showloginfo>
		</debug>
		<dvdplayercache>
				<audio>384</audio>
				<audiotime>8</audiotime>
				<video>1024</video>
				<videotime>8</videotime>
		</dvdplayercache>
		<filelists>
				<allowfiledeletion>true</allowfiledeletion>
				<ignorethewhensorting>true</ignorethewhensorting>
				<showaddsourcebuttons>false</showaddsourcebuttons>
				<showextensions>true</showextensions>
				<showhidden>false</showhidden>
				<showparentdiritems>false</showparentdiritems>
				<unrollarchives>false</unrollarchives>
		</filelists>
		<harddisk>
				<aamlevel>0</aamlevel>
				<apmlevel>0</apmlevel>
				<remoteplayspindown>0</remoteplayspindown>
				<remoteplayspindowndelay>20</remoteplayspindowndelay>
				<remoteplayspindownminduration>20</remoteplayspindownminduration>
				<spindowntime>0</spindowntime>
		</harddisk>
		<locale>
				<charset>DEFAULT</charset>
				<country>UK (24h)</country>
				<date>
				</date>
				<language>english</language>
				<time>
				</time>
				<timeserver>true</timeserver>
				<timeserveraddress>pool.ntp.org</timeserveraddress>
				<timezone>25</timezone>
				<usedst>true</usedst>
		</locale>
		<lookandfeel>
				<enablemouse>false</enablemouse>
				<enablerssfeeds>true</enablerssfeeds>
				<font>Default</font>
				<skin>simple</skin>
				<skincolors>.xml</skincolors>
				<skintheme>simple.xpr</skintheme>
				<skinzoom>0</skinzoom>
				<soundskin>SIMPLE</soundskin>
				<startupwindow>10000</startupwindow>
		</lookandfeel>
		<masterlock>
				<enableshutdown>false</enableshutdown>
				<lockcode>-</lockcode>
				<maxretries>3</maxretries>
				<startuplock>false</startuplock>
		</masterlock>
		<musicplayer>
				<autoplaynextitem>true</autoplaynextitem>
				<crossfade>4</crossfade>
				<crossfadealbumtracks>true</crossfadealbumtracks>
				<defaultplayer>2</defaultplayer>
				<outputtoallspeakers>false</outputtoallspeakers>
				<queuebydefault>false</queuebydefault>
				<replaygainavoidclipping>false</replaygainavoidclipping>
				<replaygainnogainpreamp>89</replaygainnogainpreamp>
				<replaygainpreamp>89</replaygainpreamp>
				<replaygaintype>0</replaygaintype>
				<visualisation>milkdrop.vis</visualisation>
		</musicplayer>
		<mygames>
				<fastscrolling>true</fastscrolling>
				<slowgameparsing>false</slowgameparsing>
		</mygames>
		<myprograms>
				<autoffpatch>false</autoffpatch>
				<dashboard>Special:\\xbmc\default.xbe</dashboard>
				<gameautoregion>false</gameautoregion>
				<ntscmode>0</ntscmode>
				<trainerpath>Q:\system\trainers\</trainerpath>
				<usedashpath>true</usedashpath>
		</myprograms>
		<network>
				<assignment>1</assignment>
				<bandwidth>0</bandwidth>
				<dns>8.8.8.8</dns>
				<gateway>192.168.0.1</gateway>
				<httpproxyport>8080</httpproxyport>
				<ipaddress>192.168.0.6</ipaddress>
				<subnet>255.255.255.0</subnet>
				<usehttpproxy>false</usehttpproxy>
		</network>
		<postprocessing>
				<auto>true</auto>
				<autobrightnesscontrastlevels>false</autobrightnesscontrastlevels>
				<dering>false</dering>
				<enable>false</enable>
				<horizontaldeblocking>false</horizontaldeblocking>
				<horizontaldeblocklevel>0</horizontaldeblocklevel>
				<verticaldeblocking>false</verticaldeblocking>
				<verticaldeblocklevel>0</verticaldeblocklevel>
		</postprocessing>
		<screensaver>
				<dimlevel>20</dimlevel>
				<mode>Planestate.xbs</mode>
				<slideshowpath pathversion="1">F:\Pictures\</slideshowpath>
				<time>10</time>
				<usedimonpause>true</usedimonpause>
				<usemusicvisinstead>true</usemusicvisinstead>
		</screensaver>
		<services>
				<escontinuousdelay>25</escontinuousdelay>
				<esenabled>true</esenabled>
				<esinitialdelay>750</esinitialdelay>
				<esmaxclients>20</esmaxclients>
				<esport>9777</esport>
				<esportrange>10</esportrange>
				<ftpautofatx>true</ftpautofatx>
				<ftpserver>true</ftpserver>
				<ftpserverpassword>xbox</ftpserverpassword>
				<ftpserveruser>xbox</ftpserveruser>
				<upnprenderer>false</upnprenderer>
				<upnpserver>false</upnpserver>
				<webserver>false</webserver>
				<webserverport>80</webserverport>
				<webserverusername>xbmc</webserverusername>
		</services>
		<videoplayer>
				<allcodecs>false</allcodecs>
				<calibrate />
				<defaultplayer>1</defaultplayer>
				<displayresolution>1</displayresolution>
				<errorinaspect>3.000000</errorinaspect>
				<fast>false</fast>
				<flicker>0</flicker>
				<framerateconversions>0</framerateconversions>
				<rendermethod>1</rendermethod>
				<resumeautomatically>2</resumeautomatically>
				<skiploopfilter>0</skiploopfilter>
				<soften>false</soften>
		</videoplayer>
		<videooutput>
				<aspect>0</aspect>
				<hd1080i>false</hd1080i>
				<hd480p>true</hd480p>
				<hd720p>true</hd720p>
		</videooutput>
		<videoscreen>
				<flickerfilter>1</flickerfilter>
				<guicalibration />
				<resolution>10</resolution>
				<soften>false</soften>
		</videoscreen>
		<skinsettings>
		</skinsettings>
</settings>