<includes>
		<include name="View_Options">
				<control type="group">
						<visible allowhiddenfocus="true">ControlGroup(9000).HasFocus() | Control.HasFocus(9001)</visible>
						<include>BehindDialogFadeOut</include>
				</control>
				<control type="group">
						<posy>-360</posy>
						<visible allowhiddenfocus="true">ControlGroup(9000).HasFocus() | Control.HasFocus(9001)</visible>
						<animation effect="slide" start="0,0" end="0,320" time="200">Visible</animation>
						<animation effect="slide" start="0,320" end="0,0" time="200">Hidden</animation>
						<control type="image">
								<posx>201</posx>
								<posy>31</posy>
								<width>878</width>
								<height>321</height>
								<aspectratio>stretch</aspectratio>
								<texture>windows\generic\main.png</texture>
						</control>
						<control type="image">
								<posx>220</posx>
								<posy>42</posy>
								<width>230</width>
								<height>299</height>
								<aspectratio>stretch</aspectratio>
								<texture>windows\generic\main_overlay.png</texture>
						</control>
						<control type="grouplist">
								<description>Control Info</description>
								<posx>450</posx>
								<posy>297</posy>
								<width>610</width>
								<height>80</height>
								<itemgap>10</itemgap>
								<orientation>Horizontal</orientation>
								<align>center</align>
								<!-- A Button -->
								<control type="image">
										<posx>0</posx>
										<posy>0</posy>
										<width>32</width>
										<height>32</height>
										<aspectratio>stretch</aspectratio>
										<texture>pad_buttons\a_button.png</texture>
								</control>
								<control type="label">
										<posx>0</posx>
										<posy>0</posy>
										<width min="80" max="147">auto</width>
										<height>20</height>
										<font>size_19</font>
										<align>left</align>
										<textcolor>windows_context_label</textcolor>
										<label>$LOCALIZE[424]</label>
										<include>Context_Buttons_Text_Align</include>
								</control>
								<!-- B Button -->
								<control type="image">
										<posx>0</posx>
										<posy>0</posy>
										<width>32</width>
										<height>32</height>
										<aspectratio>stretch</aspectratio>
										<texture>pad_buttons\b_button.png</texture>
								</control>
								<control type="label">
										<posx>0</posx>
										<posy>0</posy>
										<width min="80" max="147">auto</width>
										<height>20</height>
										<font>size_19</font>
										<align>left</align>
										<textcolor>windows_context_label</textcolor>
										<label>$LOCALIZE[31108]</label>
										<include>Context_Buttons_Text_Align</include>
								</control>
						</control>
						<control type="grouplist" id="9000">
								<description>button area</description>
								<posx>220</posx>
								<posy>56</posy>
								<width>230</width>
								<height>299</height>
								<itemgap>5</itemgap>
								<onleft>-</onleft>
								<onright>9001</onright>
								<onback>50</onback>
								<aligny>center</aligny>
								<control type="button" id="101">
										<description>Backgrounds</description>
										<posx>0</posx>
										<posy>0</posy>
										<height>40</height>
										<width>230</width>
										<textoffsetx>24</textoffsetx>
										<textoffsety>0</textoffsety>
										<font>size_22</font>
										<align>left</align>
										<aligny>center</aligny>
										<label>$LOCALIZE[33068]</label>
										<textcolor>windows_settings_category_left_label_no_focus</textcolor>
										<focusedcolor>windows_settings_category_left_label_focus</focusedcolor>
										<texturefocus>windows\settings_categories\button_focus.png</texturefocus>
										<texturenofocus>windows\settings_categories\button_no_focus.png</texturenofocus>
								</control>
								<control type="button" id="100">
										<description>Views</description>
										<posx>0</posx>
										<posy>0</posy>
										<height>40</height>
										<width>230</width>
										<textoffsetx>24</textoffsetx>
										<textoffsety>0</textoffsety>
										<font>size_22</font>
										<align>left</align>
										<aligny>center</aligny>
										<label>$LOCALIZE[31146]</label>
										<textcolor>windows_settings_category_left_label_no_focus</textcolor>
										<focusedcolor>windows_settings_category_left_label_focus</focusedcolor>
										<texturefocus>windows\settings_categories\button_focus.png</texturefocus>
										<texturenofocus>windows\settings_categories\button_no_focus.png</texturenofocus>
								</control>
								<control type="button" id="102">
										<description>View Settings</description>
										<posx>0</posx>
										<posy>0</posy>
										<height>40</height>
										<width>230</width>
										<textoffsetx>24</textoffsetx>
										<textoffsety>0</textoffsety>
										<font>size_22</font>
										<align>left</align>
										<aligny>center</aligny>
										<label>$LOCALIZE[31145]</label>
										<textcolor>windows_settings_category_left_label_no_focus</textcolor>
										<focusedcolor>windows_settings_category_left_label_focus</focusedcolor>
										<texturefocus>windows\settings_categories\button_focus.png</texturefocus>
										<texturenofocus>windows\settings_categories\button_no_focus.png</texturenofocus>
								</control>
								<control type="button" id="3">
										<description>Sort by button</description>
										<posx>0</posx>
										<posy>0</posy>
										<height>40</height>
										<width>230</width>
										<textoffsetx>24</textoffsetx>
										<textoffsety>0</textoffsety>
										<font>size_22</font>
										<align>left</align>
										<aligny>center</aligny>
										<label>$LOCALIZE[103]</label>
										<textcolor>windows_settings_category_left_label_no_focus</textcolor>
										<focusedcolor>windows_settings_category_left_label_focus</focusedcolor>
										<texturefocus>windows\settings_categories\button_focus.png</texturefocus>
										<texturenofocus>windows\settings_categories\button_no_focus.png</texturenofocus>
										<visible>true</visible>
								</control>
								<control type="togglebutton" id="4">
										<description>Sort asc</description>
										<posx>0</posx>
										<posy>0</posy>
										<height>40</height>
										<width>230</width>
										<textoffsetx>24</textoffsetx>
										<textoffsety>0</textoffsety>
										<font>size_22</font>
										<align>left</align>
										<aligny>center</aligny>
										<label>$LOCALIZE[31141]</label>
										<altlabel>$LOCALIZE[31142]</altlabel>
										<textcolor>windows_settings_category_left_label_no_focus</textcolor>
										<focusedcolor>windows_settings_category_left_label_focus</focusedcolor>
										<texturefocus>windows\settings_categories\button_focus.png</texturefocus>
										<texturenofocus>windows\settings_categories\button_no_focus.png</texturenofocus>
										<alttexturefocus>windows\settings_categories\button_focus.png</alttexturefocus>
										<alttexturenofocus>windows\settings_categories\button_no_focus.png</alttexturenofocus>
										<usealttexture>Container.SortDirection(Ascending)</usealttexture>
								</control>
								<control type="edit" id="19">
										<description>Filter</description>
										<posx>0</posx>
										<posy>0</posy>
										<height>40</height>
										<width>230</width>
										<textoffsetx>24</textoffsetx>
										<textoffsety>0</textoffsety>
										<font>size_22</font>
										<align>left</align>
										<aligny>center</aligny>
										<label>137</label>
										<textcolor>windows_settings_category_left_label_no_focus</textcolor>
										<focusedcolor>windows_settings_category_left_label_focus</focusedcolor>
										<texturefocus>windows\settings_categories\button_focus.png</texturefocus>
										<texturenofocus>windows\settings_categories\button_no_focus.png</texturenofocus>
								</control>
						</control>
						<control type="textbox">
								<posx>460</posx>
								<posy>53</posy>
								<width>590</width>
								<height>230</height>
								<font>size_19</font>
								<align>center</align>
								<textcolor>windows_context_label</textcolor>
								<label>Note:[CR]This will close this dialog and set focus on the sort options.</label>
								<visible>ControlGroup(9000).HasFocus(103)</visible>
						</control>
						<control type="panel" id="9001">
								<posx>460</posx>
								<posy>53</posy>
								<width>590</width>
								<height>230</height>
								<onleft>9000</onleft>
								<onright>9000</onright>
								<onup>-</onup>
								<ondown>-</ondown>
								<onback>50</onback>
								<visible>ControlGroup(9000).HasFocus(100)</visible>
								<itemlayout height="57" width="118">
										<control type="image">
												<posx>5</posx>
												<posy>5</posy>
												<width>100</width>
												<height>52</height>
												<texture>$INFO[listitem.actualicon]</texture>
												<bordertexture>windows\generic\header.png</bordertexture>
												<bordersize>3</bordersize>
												<aspectratio>stretch</aspectratio>
										</control>
								</itemlayout>
								<focusedlayout height="57" width="118">
										<control type="image">
												<posx>5</posx>
												<posy>5</posy>
												<width>100</width>
												<height>52</height>
												<texture>$INFO[listitem.actualicon]</texture>
												<bordersize>3</bordersize>
												<aspectratio>stretch</aspectratio>
										</control>
										<control type="image">
												<posx>5</posx>
												<posy>5</posy>
												<width>100</width>
												<height>52</height>
												<texture border="7,7,7,7">windows\generic\button_focus_alt.png</texture>
												<aspectratio>stretch</aspectratio>
										</control>
								</focusedlayout>
								<content>
										<item id="200">
												<label>-</label>
												<onclick>Container.SetViewMode(50)</onclick>
												<icon>windows\programs\views\posterview.jpg</icon>
										</item>
										<item id="201">
												<label>-</label>
												<onclick>Container.SetViewMode(51)</onclick>
												<icon>windows\programs\views\posterviewmall.jpg</icon>
										</item>
										<item id="203">
												<label>-</label>
												<onclick>Container.SetViewMode(52)</onclick>
												<icon>windows\programs\views\loginview.jpg</icon>
										</item>
										<item id="204">
												<label>-</label>
												<onclick>Container.SetViewMode(53)</onclick>
												<icon>windows\programs\views\landscapeview.jpg</icon>
										</item>
										<item id="205">
												<label>-</label>
												<onclick>Container.SetViewMode(54)</onclick>
												<icon>windows\programs\views\panelview.jpg</icon>
										</item>
										<item id="206">
												<label>-</label>
												<onclick>Container.SetViewMode(55)</onclick>
												<icon>windows\programs\views\bannerview.jpg</icon>
										</item>
										<item id="207">
												<label>-</label>
												<onclick>Container.SetViewMode(56)</onclick>
												<icon>windows\programs\views\cardview.jpg</icon>
										</item>
										<item id="208">
												<label>-</label>
												<onclick>Container.SetViewMode(57)</onclick>
												<icon>windows\programs\views\fanartview.jpg</icon>
										</item>
										<item id="209">
												<label>-</label>
												<onclick>Container.SetViewMode(58)</onclick>
												<icon>windows\programs\views\listview.jpg</icon>
										</item>
										<item id="210">
												<label>-</label>
												<onclick>Container.SetViewMode(59)</onclick>
												<icon>windows\programs\views\carouselview.jpg</icon>
										</item>
										<item id="211">
												<label>-</label>
												<onclick>Container.SetViewMode(60)</onclick>
												<icon>windows\programs\views\carouselsmallview.jpg</icon>
										</item>
										<item id="212">
												<label>-</label>
												<onclick>Container.SetViewMode(61)</onclick>
												<icon>windows\programs\views\carouselsmallerview.jpg</icon>
										</item>
										<item id="213">
												<label>-</label>
												<onclick>Container.SetViewMode(62)</onclick>
												<icon>windows\programs\views\iconview.jpg</icon>
										</item>
										<item id="214">
												<label>-</label>
												<onclick>Container.SetViewMode(63)</onclick>
												<icon>windows\programs\views\opencaseview.jpg</icon>
										</item>
										<item id="215">
												<label>-</label>
												<onclick>Container.SetViewMode(64)</onclick>
												<icon>windows\programs\views\dual3dview.jpg</icon>
										</item>
										<item id="216">
												<label>-</label>
												<onclick>Container.SetViewMode(65)</onclick>
												<icon>windows\programs\views\iconaltview.jpg</icon>
										</item>
										<item id="217">
												<label>-</label>
												<onclick>Container.SetViewMode(66)</onclick>
												<icon>windows\programs\views\psview.jpg</icon>
										</item>
										<item id="218">
												<label>-</label>
												<onclick>Container.SetViewMode(67)</onclick>
												<icon>windows\programs\views\posterfixedview.jpg</icon>
										</item>
										<item id="219">
												<label>-</label>
												<onclick>Container.SetViewMode(68)</onclick>
												<icon>windows\programs\views\cdfixedview.jpg</icon>
										</item>
										<!-- <item id="220"> -->
										<!-- <label>-</label> -->
										<!-- <onclick>Container.SetViewMode(69)</onclick> -->
										<!-- <onclick>SetFocus(9001,19)</onclick> -->
										<!-- <icon>windows\programs\views\.jpg</icon> -->
										<!-- </item> -->
										<!-- <item id="221"> -->
										<!-- <label>-</label> -->
										<!-- <onclick>Container.SetViewMode(70)</onclick> -->
										<!-- <onclick>SetFocus(9001,20)</onclick> -->
										<!-- <icon>windows\programs\views\.jpg</icon> -->
										<!-- </item> -->
										<!-- <item id="222"> -->
										<!-- <label>-</label> -->
										<!-- <onclick>Container.SetViewMode(71)</onclick> -->
										<!-- <onclick>SetFocus(9001,21)</onclick> -->
										<!-- <icon>windows\programs\views\.jpg</icon> -->
										<!-- </item> -->
										<item id="230">
												<label>-</label>
												<onclick>Container.SetViewMode(79)</onclick>
												<icon>windows\programs\views\resourcesview.jpg</icon>
										</item>
								</content>
						</control>
						<!-- Backgrounds -->
						<control type="panel" id="9001">
								<posx>460</posx>
								<posy>53</posy>
								<width>590</width>
								<height>230</height>
								<onleft>9000</onleft>
								<onright>9000</onright>
								<onup>-</onup>
								<ondown>-</ondown>
								<onback>50</onback>
								<visible>ControlGroup(9000).HasFocus(101)</visible>
								<itemlayout height="57" width="118">
										<control type="image">
												<posx>5</posx>
												<posy>5</posy>
												<width>100</width>
												<height>52</height>
												<texture>$INFO[listitem.actualicon]</texture>
												<bordertexture>windows\generic\header.png</bordertexture>
												<bordersize>3</bordersize>
												<aspectratio>stretch</aspectratio>
										</control>
								</itemlayout>
								<focusedlayout height="57" width="118">
										<control type="image">
												<posx>5</posx>
												<posy>5</posy>
												<width>100</width>
												<height>52</height>
												<texture>$INFO[listitem.actualicon]</texture>
												<bordersize>3</bordersize>
												<aspectratio>stretch</aspectratio>
										</control>
										<control type="image">
												<posx>5</posx>
												<posy>5</posy>
												<width>100</width>
												<height>52</height>
												<texture border="7,7,7,7">windows\generic\button_focus_alt.png</texture>
												<aspectratio>stretch</aspectratio>
										</control>
								</focusedlayout>
								<content>
										<item id="204">
												<label>-</label>
												<onclick>Skin.SetImage(Background_Image)</onclick>
												<onclick>Skin.Reset(Background_Color)</onclick>
												<onclick>Skin.Reset(Background_Custom_Color)</onclick>
												<icon>$INFO[Skin.String(Background_Image)]</icon>
												<visible>IsEmpty.($INFO[Skin.String(Background_Image)])</visible>
										</item>
										<item id="204">
												<label>-</label>
												<onclick>Skin.SetImage(Background_Image)</onclick>
												<onclick>Skin.Reset(Background_Color)</onclick>
												<onclick>Skin.Reset(Background_Custom_Color)</onclick>
												<icon>windows\programs\hdd.jpg</icon>
												<visible>!IsEmpty.($INFO[Skin.String(Background_Image)])</visible>
										</item>
										<item id="205">
												<label>-</label>
												<onclick>Skin.SetString(Background_Custom_Color)</onclick>
												<onclick>Skin.Reset(Background_Color)</onclick>
												<onclick>Skin.Reset(Background_Image)</onclick>
												<icon>windows\programs\custom_color.jpg</icon>
										</item>
										<item id="206">
												<label>-</label>
												<onclick>Skin.Reset(Background_Color)</onclick>
												<onclick>Skin.Reset(Background_Custom_Color)</onclick>
												<onclick>Skin.Reset(Background_Image)</onclick>
												<icon>windows\programs\reset.jpg</icon>
										</item>
										<!-- Backgrounds -->
										<item id="210">
												<label>-</label>
												<onclick>Skin.SetString(Background_Color,backgrounds/1.jpg)</onclick>
												<onclick>Skin.Reset(Background_Image)</onclick>
												<onclick>Skin.Reset(Background_Custom_Color)</onclick>
												<icon>windows/programs/background thumbs/1.jpg</icon>
										</item>
										<item id="211">
												<label>-</label>
												<onclick>Skin.SetString(Background_Color,backgrounds/2.jpg)</onclick>
												<onclick>Skin.Reset(Background_Image)</onclick>
												<onclick>Skin.Reset(Background_Custom_Color)</onclick>
												<icon>windows/programs/background thumbs/2.jpg</icon>
										</item>
										<item id="212">
												<label>-</label>
												<onclick>Skin.SetString(Background_Color,backgrounds/3.jpg)</onclick>
												<onclick>Skin.Reset(Background_Image)</onclick>
												<onclick>Skin.Reset(Background_Custom_Color)</onclick>
												<icon>windows/programs/background thumbs/3.jpg</icon>
										</item>
										<item id="213">
												<label>-</label>
												<onclick>Skin.SetString(Background_Color,backgrounds/4.jpg)</onclick>
												<onclick>Skin.Reset(Background_Image)</onclick>
												<onclick>Skin.Reset(Background_Custom_Color)</onclick>
												<icon>windows/programs/background thumbs/4.jpg</icon>
										</item>
										<item id="214">
												<label>-</label>
												<onclick>Skin.SetString(Background_Color,backgrounds/5.jpg)</onclick>
												<onclick>Skin.Reset(Background_Image)</onclick>
												<onclick>Skin.Reset(Background_Custom_Color)</onclick>
												<icon>windows/programs/background thumbs/5.jpg</icon>
										</item>
										<item id="215">
												<label>-</label>
												<onclick>Skin.SetString(Background_Color,backgrounds/6.jpg)</onclick>
												<onclick>Skin.Reset(Background_Image)</onclick>
												<onclick>Skin.Reset(Background_Custom_Color)</onclick>
												<icon>windows/programs/background thumbs/6.jpg</icon>
										</item>
										<item id="216">
												<label>-</label>
												<onclick>Skin.SetString(Background_Color,backgrounds/7.jpg)</onclick>
												<onclick>Skin.Reset(Background_Image)</onclick>
												<onclick>Skin.Reset(Background_Custom_Color)</onclick>
												<icon>windows/programs/background thumbs/7.jpg</icon>
										</item>
										<item id="217">
												<label>-</label>
												<onclick>Skin.SetString(Background_Color,backgrounds/8.jpg)</onclick>
												<onclick>Skin.Reset(Background_Image)</onclick>
												<onclick>Skin.Reset(Background_Custom_Color)</onclick>
												<icon>windows/programs/background thumbs/8.jpg</icon>
										</item>
										<item id="218">
												<label>-</label>
												<onclick>Skin.SetString(Background_Color,backgrounds/9.jpg)</onclick>
												<onclick>Skin.Reset(Background_Image)</onclick>
												<onclick>Skin.Reset(Background_Custom_Color)</onclick>
												<icon>windows/programs/background thumbs/9.jpg</icon>
										</item>
										<item id="219">
												<label>-</label>
												<onclick>Skin.SetString(Background_Color,backgrounds/10.jpg)</onclick>
												<onclick>Skin.Reset(Background_Image)</onclick>
												<onclick>Skin.Reset(Background_Custom_Color)</onclick>
												<icon>windows/programs/background thumbs/10.jpg</icon>
										</item>
										<item id="220">
												<label>-</label>
												<onclick>Skin.SetString(Background_Color,backgrounds/11.jpg)</onclick>
												<onclick>Skin.Reset(Background_Image)</onclick>
												<onclick>Skin.Reset(Background_Custom_Color)</onclick>
												<icon>windows/programs/background thumbs/11.jpg</icon>
										</item>
										<item id="221">
												<label>-</label>
												<onclick>Skin.SetString(Background_Color,backgrounds/12.jpg)</onclick>
												<onclick>Skin.Reset(Background_Image)</onclick>
												<onclick>Skin.Reset(Background_Custom_Color)</onclick>
												<icon>windows/programs/background thumbs/12.jpg</icon>
										</item>
										<item id="222">
												<label>-</label>
												<onclick>Skin.SetString(Background_Color,backgrounds/13.jpg)</onclick>
												<onclick>Skin.Reset(Background_Image)</onclick>
												<onclick>Skin.Reset(Background_Custom_Color)</onclick>
												<icon>windows/programs/background thumbs/13.jpg</icon>
										</item>
										<item id="223">
												<label>-</label>
												<onclick>Skin.SetString(Background_Color,backgrounds/14.jpg)</onclick>
												<onclick>Skin.Reset(Background_Image)</onclick>
												<onclick>Skin.Reset(Background_Custom_Color)</onclick>
												<icon>windows/programs/background thumbs/14.jpg</icon>
										</item>
										<item id="224">
												<label>-</label>
												<onclick>Skin.SetString(Background_Color,backgrounds/15.jpg)</onclick>
												<onclick>Skin.Reset(Background_Image)</onclick>
												<onclick>Skin.Reset(Background_Custom_Color)</onclick>
												<icon>windows/programs/background thumbs/15.jpg</icon>
										</item>
								</content>
						</control>
						<control type="panel" id="9001">
								<posx>460</posx>
								<posy>53</posy>
								<width>590</width>
								<height>230</height>
								<onleft>9000</onleft>
								<onright>9000</onright>
								<onup>-</onup>
								<ondown>-</ondown>
								<onback>50</onback>
								<visible>ControlGroup(9000).HasFocus(102)</visible>
								<itemlayout height="57" width="118">
										<control type="image">
												<posx>5</posx>
												<posy>5</posy>
												<width>100</width>
												<height>52</height>
												<texture>$INFO[listitem.actualicon]</texture>
												<bordertexture>windows\generic\header.png</bordertexture>
												<bordersize>3</bordersize>
												<aspectratio>stretch</aspectratio>
										</control>
								</itemlayout>
								<focusedlayout height="57" width="118">
										<control type="image">
												<posx>5</posx>
												<posy>5</posy>
												<width>100</width>
												<height>52</height>
												<texture>$INFO[listitem.actualicon]</texture>
												<bordersize>3</bordersize>
												<aspectratio>stretch</aspectratio>
										</control>
										<control type="image">
												<posx>5</posx>
												<posy>5</posy>
												<width>100</width>
												<height>52</height>
												<texture border="7,7,7,7">windows\generic\button_focus_alt.png</texture>
												<aspectratio>stretch</aspectratio>
										</control>
								</focusedlayout>
								<content>
										<item id="201">
												<label>-</label>
												<onclick>Skin.SetBool(fanartenabled)</onclick>
												<icon>windows\programs\fanart_disabled.jpg</icon>
												<visible>!Skin.HasSetting(fanartenabled) + !Skin.HasSetting(fanartblur) + !StringCompare(Container.Viewmode,view54) + !StringCompare(Container.Viewmode,view55) + !StringCompare(Container.Viewmode,view56) + !StringCompare(Container.Viewmode,view57) + !StringCompare(Container.Viewmode,view79)</visible>
										</item>
										<item id="201">
												<label>-</label>
												<onclick>Skin.SetBool(fanartblur)</onclick>
												<icon>windows\programs\fanart.jpg</icon>
												<visible>Skin.HasSetting(_resourcesenabled) + Skin.HasSetting(fanartenabled) + !Skin.HasSetting(fanartblur) + !StringCompare(Container.Viewmode,view54) + !StringCompare(Container.Viewmode,view55) + !StringCompare(Container.Viewmode,view56) + !StringCompare(Container.Viewmode,view57) + !StringCompare(Container.Viewmode,view79)</visible>
										</item>
										<item id="201">
												<label>-</label>
												<onclick>Skin.Reset(fanartenabled)</onclick>
												<icon>windows\programs\fanart.jpg</icon>
												<visible>!Skin.HasSetting(_resourcesenabled) + Skin.HasSetting(fanartenabled) + !Skin.HasSetting(fanartblur) + !StringCompare(Container.Viewmode,view54) + !StringCompare(Container.Viewmode,view55) + !StringCompare(Container.Viewmode,view56) + !StringCompare(Container.Viewmode,view57) + !StringCompare(Container.Viewmode,view79)</visible>
										</item>
										<item id="201">
												<label>-</label>
												<onclick>Skin.Reset(fanartblur)</onclick>
												<onclick>Skin.Reset(fanartenabled)</onclick>
												<icon>windows\programs\fanart_blur.jpg</icon>
												<visible>Skin.HasSetting(fanartenabled) + Skin.HasSetting(fanartblur) + !StringCompare(Container.Viewmode,view54) + !StringCompare(Container.Viewmode,view55) + !StringCompare(Container.Viewmode,view56) + !StringCompare(Container.Viewmode,view57) + !StringCompare(Container.Viewmode,view79)</visible>
										</item>
										<item id="203">
												<label>-</label>
												<onclick>Skin.ToggleSetting(customfanartfog)</onclick>
												<icon>windows\programs\fanart_fog_disabled.jpg</icon>
												<visible>Skin.HasSetting(fanartenabled) + !Skin.HasSetting(customfanartfog) + !StringCompare(Container.Viewmode,view54) + !StringCompare(Container.Viewmode,view55) + !StringCompare(Container.Viewmode,view56) + !StringCompare(Container.Viewmode,view57) + !StringCompare(Container.Viewmode,view79)</visible>
										</item>
										<item id="203">
												<label>-</label>
												<onclick>Skin.Reset(customfanartfog)</onclick>
												<icon>windows\programs\fanart_fog.jpg</icon>
												<visible>Skin.HasSetting(fanartenabled) + Skin.HasSetting(customfanartfog) + !StringCompare(Container.Viewmode,view54) + !StringCompare(Container.Viewmode,view55) + !StringCompare(Container.Viewmode,view56) + !StringCompare(Container.Viewmode,view57) + !StringCompare(Container.Viewmode,view79)</visible>
										</item>
										<item id="204">
												<label>-</label>
												<onclick>Skin.ToggleSetting(higherfanart)</onclick>
												<icon>windows\programs\fanart_alt_disabled.jpg</icon>
												<visible>Skin.HasSetting(fanartenabled) + !Skin.HasSetting(higherfanart) + !StringCompare(Container.Viewmode,view54) + !StringCompare(Container.Viewmode,view55) + !StringCompare(Container.Viewmode,view56) + !StringCompare(Container.Viewmode,view57) + !StringCompare(Container.Viewmode,view79)</visible>
										</item>
										<item id="204">
												<label>-</label>
												<onclick>Skin.Reset(higherfanart)</onclick>
												<icon>windows\programs\fanart_alt.jpg</icon>
												<visible>Skin.HasSetting(fanartenabled) + Skin.HasSetting(higherfanart) + !StringCompare(Container.Viewmode,view54) + !StringCompare(Container.Viewmode,view55) + !StringCompare(Container.Viewmode,view56) + !StringCompare(Container.Viewmode,view57) + !StringCompare(Container.Viewmode,view79)</visible>
										</item>
										<item id="2010">
												<label>-</label>
												<onclick>Skin.ToggleSetting(fanartoverlayenabled)</onclick>
												<icon>windows\programs\fanart_overlay_enabled.jpg</icon>
												<visible>!Skin.HasSetting(fanartoverlayenabled) + StringCompare(Container.Viewmode,view57)</visible>
										</item>
										<item id="2010">
												<label>-</label>
												<onclick>Skin.Reset(fanartoverlayenabled)</onclick>
												<icon>windows\programs\fanart_overlay_disabled.jpg</icon>
												<visible>Skin.HasSetting(fanartoverlayenabled) + StringCompare(Container.Viewmode,view57)</visible>
										</item>
										<item id="2011">
												<label>-</label>
												<onclick>Skin.ToggleSetting(fanartfullscreen)</onclick>
												<icon>windows\programs\fanart_full_screen_disabled.jpg</icon>
												<visible>!Skin.HasSetting(fanartfullscreen) + StringCompare(Container.Viewmode,view57)</visible>
										</item>
										<item id="2011">
												<label>-</label>
												<onclick>Skin.Reset(fanartfullscreen)</onclick>
												<icon>windows\programs\fanart_full_screen.jpg</icon>
												<visible>Skin.HasSetting(fanartfullscreen) + StringCompare(Container.Viewmode,view57)</visible>
										</item>
										<item id="2012">
												<label>-</label>
												<onclick>Skin.SetBool(hidefoldernames)</onclick>
												<icon>windows\programs\both_labels.jpg</icon>
												<visible>!Skin.HasSetting(hidefoldernames) + !Skin.HasSetting(hidegamenames)+ !StringCompare(Container.Viewmode,view54) + !StringCompare(Container.Viewmode,view55) + !StringCompare(Container.Viewmode,view56) + !StringCompare(Container.Viewmode,view57) + !StringCompare(Container.Viewmode,view58) + !StringCompare(Container.Viewmode,view79)</visible>
										</item>
										<item id="2012">
												<label>-</label>
												<onclick>Skin.reset(hidefoldernames)</onclick>
												<onclick>Skin.SetBool(hidegamenames)</onclick>
												<icon>windows\programs\folder_labels.jpg</icon>
												<visible>Skin.HasSetting(hidefoldernames)+ !StringCompare(Container.Viewmode,view54) + !StringCompare(Container.Viewmode,view55) + !StringCompare(Container.Viewmode,view56) + !StringCompare(Container.Viewmode,view57) + !StringCompare(Container.Viewmode,view58) + !StringCompare(Container.Viewmode,view79)</visible>
										</item>
										<item id="2012">
												<label>-</label>
												<onclick>Skin.Reset(hidefoldernames)</onclick>
												<onclick>Skin.Reset(hidegamenames)</onclick>
												<icon>windows\programs\game_labels.jpg</icon>
												<visible>Skin.HasSetting(hidegamenames) + !StringCompare(Container.Viewmode,view54) + !StringCompare(Container.Viewmode,view55) + !StringCompare(Container.Viewmode,view56) + !StringCompare(Container.Viewmode,view57) + !StringCompare(Container.Viewmode,view58) + !StringCompare(Container.Viewmode,view79)</visible>
										</item>
										<item id="2024">
												<label>-</label>
												<onclick>Skin.ToggleSetting(_resourcesenabled)</onclick>
												<icon>windows\programs\_resources_disabled.jpg</icon>
												<visible>!Skin.HasSetting(_resourcesenabled) + !StringCompare(Container.Viewmode,view79)</visible>
										</item>
										<item id="2024">
												<label>-</label>
												<onclick>Skin.Reset(_resourcesenabled)</onclick>
												<onclick>Skin.Reset(fanartblur)</onclick>
												<icon>windows\programs\_resources_enabled.jpg</icon>
												<visible>Skin.HasSetting(_resourcesenabled) + !StringCompare(Container.Viewmode,view79)</visible>
										</item>
										<item id="2025">
												<label>-</label>
												<onclick>Skin.ToggleSetting(imagestretchmode)</onclick>
												<icon>windows\programs\scale_enabled.jpg</icon>
												<visible>!Skin.HasSetting(imagestretchmode) + StringCompare(Container.Viewmode,view55)</visible>
										</item>
										<item id="2025">
												<label>-</label>
												<onclick>Skin.Reset(imagestretchmode)</onclick>
												<icon>windows\programs\stretch_enabled.jpg</icon>
												<visible>Skin.HasSetting(imagestretchmode) + StringCompare(Container.Viewmode,view55)</visible>
										</item>
								</content>
						</control>
				</control>
		</include>
</includes>