<window id="121">
		<defaultcontrol>2</defaultcontrol>
		<coordinates>
				<system>1</system>
				<posx>290</posx>
				<posy>100</posy>
		</coordinates>
		<include>dialogeffect</include>
		<controls>
				<control type="image">
						<posx>-290</posx>
						<posy>-100</posy>
						<width>1280</width>
						<height>720</height>
						<texture>black-back.png</texture>
						<aspectratio>stretch</aspectratio>
				</control>
				<control type="image">
						<description>background image</description>
						<posx>0</posx>
						<posy>0</posy>
						<width>700</width>
						<height>520</height>
						<texture border="20,20,20,20">thumbnofo.png</texture>
						<bordersize>30</bordersize>
				</control>
				<control type="label" id="2">
						<description>heading label</description>
						<posx>40</posx>
						<posy>40</posy>
						<width>620</width>
						<height>30</height>
						<align>center</align>
						<aligny>center</aligny>
						<font>size_21_bold</font>
						<label>$LOCALIZE[12015]</label>
						<textcolor>whitealt</textcolor>
				</control>
				<control type="image">
						<posx>40</posx>
						<posy>78</posy>
						<width>620</width>
						<height>2</height>
						<texture>separator.png</texture>
				</control>
				<control type="image">
						<posx>40</posx>
						<posy>78</posy>
						<width>720</width>
						<height>2</height>
						<texture>separator.png</texture>
				</control>
				<control type="grouplist" id="5">
						<description>control area</description>
						<posx>45</posx>
						<posy>85</posy>
						<width>620</width>
						<height>480</height>
						<itemgap>5</itemgap>
						<pagecontrol>60</pagecontrol>
						<onleft>5</onleft>
						<onright>5</onright>
						<onup>5</onup>
						<ondown>5</ondown>
				</control>
				<control type="button" id="7">
						<description>Default Button</description>
						<height>35</height>
						<font>size_18</font>
						<textcolor>grey2</textcolor>
						<focusedcolor>white</focusedcolor>
						<texturefocus border="5">button-focus2.png</texturefocus>
						<texturenofocus border="5">button-nofocus.png</texturenofocus>
				</control>
				<control type="radiobutton" id="8">
						<description>Default RadioButton</description>
						<height>35</height>
						<font>size_18</font>
						<textcolor>grey2</textcolor>
						<focusedcolor>white</focusedcolor>
						<texturefocus border="5">button-focus2.png</texturefocus>
						<texturenofocus border="5">button-nofocus.png</texturenofocus>
				</control>
				<control type="spincontrolex" id="9">
						<description>Default spincontrolex</description>
						<height>35</height>
						<texturefocus border="5">button-focus2.png</texturefocus>
						<texturenofocus border="5">button-nofocus.png</texturenofocus>
						<font>size_18</font>
						<textcolor>grey2</textcolor>
						<focusedcolor>white</focusedcolor>
						<reverse>yes</reverse>
				</control>
		</controls>
</window>