<includes>
		<include name="PSView">
				<control type="group">
						<visible>Control.IsVisible(66) + !Control.IsVisible(50) + !Window.IsVisible(134) + !Window.IsVisible(3000)</visible>
						<control type="group">
								<control type="fixedlist" id="66">
										<posx>-86</posx>
										<posy>360</posy>
										<width>1440</width>
										<height>430</height>
										<onleft>66</onleft>
										<onright>66</onright>
										<onup>9000</onup>
										<ondown>86</ondown>
										<viewtype label="view66">list</viewtype>
										<pagecontrol>86</pagecontrol>
										<scrolltime>220</scrolltime>
										<focusposition>2</focusposition>
										<movement>0</movement>
										<orientation>horizontal</orientation>
										<preloaditems>3</preloaditems>
										<itemlayout height="147" width="149">
												<control type="image">
														<posx>0</posx>
														<posy>27</posy>
														<width>147</width>
														<height>147</height>
														<aspectratio>stretch</aspectratio>
														<texture background="true" border="5">button-focus.png</texture>
												</control>
												<control type="image">
														<posx>5</posx>
														<posy>32</posy>
														<width>137</width>
														<height>137</height>
														<aspectratio>stretch</aspectratio>
														<texture background="true">black-back.png</texture>
												</control>
												<control type="image">
														<posx>5</posx>
														<posy>32</posy>
														<width>137</width>
														<height>137</height>
														<aspectratio aligny="middle">scale</aspectratio>
														<texture background="true" fallback="no_loginIcon.jpg">$INFO[listitem.icon]</texture>
														<visible>!Skin.HasSetting(_resourcesenabled)</visible>
												</control>
												<control type="image">
														<posx>5</posx>
														<posy>32</posy>
														<width>137</width>
														<height>137</height>
														<aspectratio aligny="middle">scale</aspectratio>
														<texture background="true">no_loginIcon.jpg</texture>
														<visible>Skin.HasSetting(_resourcesenabled)</visible>
												</control>
												<control type="image">
														<posx>5</posx>
														<posy>32</posy>
														<width>137</width>
														<height>137</height>
														<aspectratio aligny="middle">scale</aspectratio>
														<texture background="true">$INFO[listitem.icon]</texture>
														<visible>!IsEmpty(ListItem.Thumb) + ListItem.IsFolder + Skin.HasSetting(_resourcesenabled)</visible>
												</control>
												<control type="largeimage">
														<posx>5</posx>
														<posy>32</posy>
														<width>137</width>
														<height>137</height>
														<aspectratio aligny="middle">scale</aspectratio>
														<texture background="true">$INFO[listitem.path,,_resources\artwork\poster.jpg]</texture>
														<visible>Skin.HasSetting(_resourcesenabled)</visible>
												</control>
										</itemlayout>
										<focusedlayout height="286" width="258">
										</focusedlayout>
								</control>
								<control type="group">
										<posx>212</posx>
										<posy>360</posy>
										<control type="image">
												<posx>8</posx>
												<posy>0</posy>
												<width>240</width>
												<height>286</height>
												<aspectratio>stretch</aspectratio>
												<texture>black-back.png</texture>
										</control>
										<control type="image">
												<posx>13</posx>
												<posy>5</posy>
												<width>230</width>
												<height>276</height>
												<aspectratio aligny="top">scale</aspectratio>
												<texture background="true" fallback="no_loginIcon.jpg">$INFO[listitem.icon]</texture>
												<visible>!Skin.HasSetting(_resourcesenabled)</visible>
										</control>
										<control type="image">
												<posx>13</posx>
												<posy>5</posy>
												<width>230</width>
												<height>276</height>
												<aspectratio aligny="top">scale</aspectratio>
												<texture background="true">no_poster.jpg</texture>
												<visible>Skin.HasSetting(_resourcesenabled)</visible>
										</control>
										<control type="image">
												<posx>13</posx>
												<posy>5</posy>
												<width>230</width>
												<height>276</height>
												<aspectratio aligny="top">scale</aspectratio>
												<texture background="true">$INFO[listitem.icon]</texture>
												<visible>!IsEmpty(ListItem.Thumb) + ListItem.IsFolder + Skin.HasSetting(_resourcesenabled)</visible>
										</control>
										<control type="largeimage">
												<posx>13</posx>
												<posy>5</posy>
												<width>230</width>
												<height>276</height>
												<aspectratio aligny="top">scale</aspectratio>
												<texture background="true">$INFO[listitem.path,,_resources\artwork\poster.jpg]</texture>
												<visible>Skin.HasSetting(_resourcesenabled)</visible>
										</control>
										<control type="image">
												<posx>13</posx>
												<posy>250</posy>
												<width>230</width>
												<height>31</height>
												<aspectratio>stretch</aspectratio>
												<colordiffuse>FF202020</colordiffuse>
												<texture background="true">background diffuse.png</texture>
												<visible>!ListItem.IsFolder</visible>
										</control>
										<control type="image">
												<posx>8</posx>
												<posy>0</posy>
												<width>240</width>
												<height>286</height>
												<aspectratio>stretch</aspectratio>
												<texture background="true" border="5">poster-border.png</texture>
										</control>
										<control type="image">
												<posx>210</posx>
												<posy>253</posy>
												<width>25</width>
												<height>25</height>
												<aspectratio>stretch</aspectratio>
												<fadetime>ThumbCrossfadeTime</fadetime>
												<texture>overlay-watched.png</texture>
												<visible>IntegerGreaterThan(ListItem.ProgramCount,0)</visible>
												<animation reversible="false" effect="fade" start="100" end="0" time="0" condition="Container(66).OnScrollNext">Conditional</animation>
												<animation reversible="false" effect="fade" start="100" end="0" time="0" condition="Container(66).OnScrollPrevious">Conditional</animation>
												<visible>!Skin.HasSetting(HidePlayedIndicator) + !ListItem.IsFolder</visible>
										</control>
										<control type="image">
												<posx>20</posx>
												<posy>253</posy>
												<width>25</width>
												<height>25</height>
												<aspectratio>stretch</aspectratio>
												<fadetime>ThumbCrossfadeTime</fadetime>
												<texture>$INFO[listitem.overlay]</texture>
												<animation reversible="false" effect="fade" start="100" end="0" time="0" condition="Container(66).OnScrollNext">Conditional</animation>
												<animation reversible="false" effect="fade" start="100" end="0" time="0" condition="Container(66).OnScrollPrevious">Conditional</animation>
												<visible>!Skin.HasSetting(HideTrainerIndicator) + !ListItem.IsFolder</visible>
										</control>
										<control type="label">
												<posx>13</posx>
												<posy>250</posy>
												<width>230</width>
												<height>31</height>
												<font>size_15</font>
												<textcolor>white</textcolor>
												<scroll>true</scroll>
												<align>center</align>
												<aligny>center</aligny>
												<label>[UPPERCASE]$LOCALIZE[31186][/UPPERCASE]</label>
												<visible>StringCompare(ListItem.ProgramCount,0) + !ListItem.IsFolder</visible>
												<animation effect="fade" start="100" end="0" time="0" condition="Skin.HasSetting(hidefoldernames) + !Container(66).ListItem.IsFolder">Conditional</animation>
												<animation effect="fade" start="100" end="0" time="0" condition="Skin.HasSetting(hidegamenames) + Container(66).ListItem.IsFolder">Conditional</animation>
										</control>
										<control type="label">
												<posx>13</posx>
												<posy>250</posy>
												<width>230</width>
												<height>31</height>
												<font>size_15</font>
												<textcolor>white</textcolor>
												<scroll>true</scroll>
												<align>center</align>
												<aligny>center</aligny>
												<label>[UPPERCASE]$LOCALIZE[31187] $INFO[ListItem.ProgramCount,, $LOCALIZE[31188]][/UPPERCASE]</label>
												<visible>StringCompare(ListItem.ProgramCount,1) + !ListItem.IsFolder</visible>
												<animation effect="fade" start="100" end="0" time="0" condition="Skin.HasSetting(hidefoldernames) + !Container(66).ListItem.IsFolder">Conditional</animation>
												<animation effect="fade" start="100" end="0" time="0" condition="Skin.HasSetting(hidegamenames) + Container(66).ListItem.IsFolder">Conditional</animation>
										</control>
										<control type="label">
												<posx>13</posx>
												<posy>250</posy>
												<width>230</width>
												<height>31</height>
												<font>size_15</font>
												<textcolor>white</textcolor>
												<scroll>true</scroll>
												<align>center</align>
												<aligny>center</aligny>
												<label>[UPPERCASE]$LOCALIZE[31187] $INFO[ListItem.ProgramCount,, $LOCALIZE[31189]][/UPPERCASE]</label>
												<visible>IntegerGreaterThan(ListItem.ProgramCount,1) + !ListItem.IsFolder</visible>
												<animation effect="fade" start="100" end="0" time="0" condition="Skin.HasSetting(hidefoldernames) + !Container(66).ListItem.IsFolder">Conditional</animation>
												<animation effect="fade" start="100" end="0" time="0" condition="Skin.HasSetting(hidegamenames) + Container(66).ListItem.IsFolder">Conditional</animation>
										</control>
										<control type="label">
												<posx>270</posx>
												<posy>240</posy>
												<width>1040</width>
												<height>36</height>
												<font>size_35</font>
												<textcolor>$VAR[var-labelcolour]</textcolor>
												<scroll>true</scroll>
												<align>left</align>
												<aligny>center</aligny>
												<label>[UPPERCASE]$INFO[ListItem.Label][/UPPERCASE]</label>
												<animation effect="fade" start="100" end="0" time="0" condition="Skin.HasSetting(hidefoldernames) + !Container(66).ListItem.IsFolder">Conditional</animation>
												<animation effect="fade" start="100" end="0" time="0" condition="Skin.HasSetting(hidegamenames) + Container(66).ListItem.IsFolder">Conditional</animation>
										</control>
								</control>
								<control type="scrollbar" id="86">
										<posx>150</posx>
										<posy>662</posy>
										<width>980</width>
										<height>15</height>
										<texturesliderbackground border="2,2,2,2">black-back.png</texturesliderbackground>
										<texturesliderbar border="16,2,16,2">scrollbar_bar-vertical.png</texturesliderbar>
										<texturesliderbarfocus border="16,2,16,2">scrollbar_bar_focus-vertical.png</texturesliderbarfocus>
										<textureslidernib>scrollbar_nib-vertical.png</textureslidernib>
										<textureslidernibfocus>scrollbar_nib-vertical.png</textureslidernibfocus>
										<onup>66</onup>
										<ondown>-</ondown>
										<showonepage>false</showonepage>
										<orientation>horizontal</orientation>
										<visible allowhiddenfocus="true">Control.HasFocus(86)</visible>
										<animation reversible="true" effect="fade" start="0" end="100" delay="" time="300">visible</animation>
										<animation reversible="true" effect="fade" start="100" end="0" delay="" time="300">hidden</animation>
								</control>
						</control>
				</control>
		</include>
</includes>