<includes>
		<include name="PosterView">
				<control type="group">
						<visible>Control.IsVisible(50) + !Window.IsVisible(134) + !Window.IsVisible(3000)</visible>
						<control type="fixedlist" id="50">
								<posx>-60</posx>
								<posy>303</posy>
								<width>1362</width>
								<height>460</height>
								<onleft>50</onleft>
								<onright>50</onright>
								<onup>9000</onup>
								<ondown>80</ondown>
								<viewtype label="view50">list</viewtype>
								<pagecontrol>80</pagecontrol>
								<scrolltime>220</scrolltime>
								<focusposition>3</focusposition>
								<movement>0</movement>
								<orientation>horizontal</orientation>
								<preloaditems>3</preloaditems>
								<itemlayout height="283" width="200">
										<control type="image">
												<posx>0</posx>
												<posy>0</posy>
												<width>200</width>
												<height>283</height>
												<aspectratio>stretch</aspectratio>
												<texture>thumbnf.png</texture>
												<visible>!Skin.HasSetting(_resourcesenabled)</visible>
										</control>
										<control type="image">
												<posx>0</posx>
												<posy>0</posy>
												<width>200</width>
												<height>283</height>
												<aspectratio>keep</aspectratio>
												<fadetime>ThumbCrossfadeTime</fadetime>
												<texture background="true" fallback="no_poster.jpg">$INFO[listitem.icon]</texture>
												<visible>isEmpty(ListItem.Thumb) + !Skin.HasSetting(_resourcesenabled)</visible>
										</control>
										<control type="image">
												<posx>0</posx>
												<posy>0</posy>
												<width>200</width>
												<height>283</height>
												<aspectratio>stretch</aspectratio>
												<fadetime>ThumbCrossfadeTime</fadetime>
												<texture background="true" fallback="no_poster.jpg">$INFO[listitem.icon]</texture>
												<visible>!isEmpty(ListItem.Thumb) + !Skin.HasSetting(_resourcesenabled)</visible>
										</control>
										<control type="image">
												<posx>0</posx>
												<posy>0</posy>
												<width>200</width>
												<height>283</height>
												<aspectratio>stretch</aspectratio>
												<fadetime>ThumbCrossfadeTime</fadetime>
												<texture background="true">no_poster.jpg</texture>
												<visible>Skin.HasSetting(_resourcesenabled)</visible>
										</control>
										<control type="image">
												<posx>0</posx>
												<posy>0</posy>
												<width>200</width>
												<height>283</height>
												<aspectratio>stretch</aspectratio>
												<fadetime>ThumbCrossfadeTime</fadetime>
												<texture background="true" fallback="no_poster.jpg">$INFO[listitem.icon]</texture>
												<visible>!isEmpty(ListItem.Thumb) + ListItem.IsFolder + skin.HasSetting(_resourcesenabled)</visible>
										</control>
										<control type="largeimage">
												<posx>0</posx>
												<posy>0</posy>
												<width>200</width>
												<height>283</height>
												<aspectratio>stretch</aspectratio>
												<fadetime>ThumbCrossfadeTime</fadetime>
												<texture background="true">$INFO[listitem.path,,_resources\artwork\poster.jpg]</texture>
												<visible>Skin.HasSetting(_resourcesenabled)</visible>
										</control>
										<control type="image">
												<posx>5</posx>
												<posy>30</posy>
												<width>25</width>
												<height>25</height>
												<aspectratio>stretch</aspectratio>
												<fadetime>ThumbCrossfadeTime</fadetime>
												<texture>overlay-watched.png</texture>
												<visible>IntegerGreaterThan(ListItem.ProgramCount,0)</visible>
												<animation reversible="false" effect="fade" start="100" end="0" time="0" condition="Container(50).OnScrollNext">Conditional</animation>
												<animation reversible="false" effect="fade" start="100" end="0" time="0" condition="Container(50).OnScrollPrevious">Conditional</animation>
												<visible>!Skin.HasSetting(HidePlayedIndicator)</visible>
										</control>
										<control type="image">
												<posx>5</posx>
												<posy>30</posy>
												<width>25</width>
												<height>25</height>
												<aspectratio>stretch</aspectratio>
												<fadetime>ThumbCrossfadeTime</fadetime>
												<texture>$INFO[listitem.overlay]</texture>
												<animation reversible="false" effect="slide" start="0,0" end="0,23" time="0" condition="!Skin.HasSetting(HidePlayedIndicator) + IntegerGreaterThan(ListItem.ProgramCount,0)">Conditional</animation>
												<animation reversible="false" effect="fade" start="100" end="0" time="0" condition="Container(50).OnScrollNext">Conditional</animation>
												<animation reversible="false" effect="fade" start="100" end="0" time="0" condition="Container(50).OnScrollPrevious">Conditional</animation>
												<visible>!Skin.HasSetting(HideTrainerIndicator)</visible>
										</control>
										<!-- Flipped images -->
										<control type="image">
												<posx>0</posx>
												<posy>283</posy>
												<width>200</width>
												<height>283</height>
												<aspectratio>stretch</aspectratio>
												<fadetime>ThumbCrossfadeTime</fadetime>
												<texture background="true" flipy="true" diffuse="diffuse_mirror.png">thumbnf.png</texture>
												<visible>!Skin.HasSetting(_resourcesenabled)</visible>
										</control>
										<control type="image">
												<posx>0</posx>
												<posy>283</posy>
												<width>200</width>
												<height>283</height>
												<aspectratio>stretch</aspectratio>
												<fadetime>ThumbCrossfadeTime</fadetime>
												<texture background="true" flipy="true" diffuse="diffuse_mirror.png">no_poster.jpg</texture>
												<visible>Skin.HasSetting(_resourcesenabled)</visible>
										</control>
										<control type="largeimage">
												<posx>0</posx>
												<posy>283</posy>
												<width>200</width>
												<height>283</height>
												<aspectratio>stretch</aspectratio>
												<fadetime>ThumbCrossfadeTime</fadetime>
												<texture background="true" flipy="true" diffuse="diffuse_mirror.png">$INFO[listitem.path,,_resources\artwork\poster_small_blurred.jpg]</texture>
												<visible>Skin.HasSetting(_resourcesenabled)</visible>
										</control>
								</itemlayout>
								<focusedlayout height="283" width="200">
										<control type="image">
												<posx>0</posx>
												<posy>0</posy>
												<width>200</width>
												<height>283</height>
												<aspectratio>stretch</aspectratio>
												<fadetime>ThumbCrossfadeTime</fadetime>
												<texture>thumbnf.png</texture>
												<visible>!Skin.HasSetting(_resourcesenabled)</visible>
												<animation reversible="false" effect="zoom" start="0,0,200,283" end="-15,-37,230,330" time="120">focus</animation>
												<animation reversible="false" effect="zoom" end="0,0,200,283" start="-15,-37,230,330" time="120">unfocus</animation>
										</control>
										<control type="image">
												<posx>0</posx>
												<posy>0</posy>
												<width>200</width>
												<height>283</height>
												<aspectratio>keep</aspectratio>
												<fadetime>ThumbCrossfadeTime</fadetime>
												<texture background="true" fallback="no_poster.jpg">$INFO[listitem.icon]</texture>
												<visible>isEmpty(ListItem.Thumb) + !Skin.HasSetting(_resourcesenabled)</visible>
												<animation reversible="false" effect="zoom" start="0,0,200,283" end="-15,-37,230,330" time="120">focus</animation>
												<animation reversible="false" effect="zoom" end="0,0,200,283" start="-15,-37,230,330" time="120">unfocus</animation>
										</control>
										<control type="image">
												<posx>0</posx>
												<posy>0</posy>
												<width>200</width>
												<height>283</height>
												<aspectratio>stretch</aspectratio>
												<fadetime>ThumbCrossfadeTime</fadetime>
												<texture background="true" fallback="no_poster.jpg">$INFO[listitem.icon]</texture>
												<visible>!isEmpty(ListItem.Thumb) + !Skin.HasSetting(_resourcesenabled)</visible>
												<animation reversible="false" effect="zoom" start="0,0,200,283" end="-15,-37,230,330" time="120">focus</animation>
												<animation reversible="false" effect="zoom" end="0,0,200,283" start="-15,-37,230,330" time="120">unfocus</animation>
										</control>
										<control type="image">
												<posx>0</posx>
												<posy>0</posy>
												<width>200</width>
												<height>283</height>
												<aspectratio>stretch</aspectratio>
												<fadetime>ThumbCrossfadeTime</fadetime>
												<texture background="true" border="5">no_poster.jpg</texture>
												<visible>Skin.HasSetting(_resourcesenabled)</visible>
												<animation reversible="false" effect="zoom" start="0,0,200,283" end="-15,-37,230,330" time="120">focus</animation>
												<animation reversible="false" effect="zoom" end="0,0,200,283" start="-15,-37,230,330" time="120">unfocus</animation>
										</control>
										<control type="image">
												<posx>0</posx>
												<posy>0</posy>
												<width>200</width>
												<height>283</height>
												<aspectratio>stretch</aspectratio>
												<fadetime>ThumbCrossfadeTime</fadetime>
												<texture background="true" fallback="no_poster.jpg">$INFO[listitem.icon]</texture>
												<visible>!isEmpty(ListItem.Thumb) + ListItem.IsFolder + Skin.HasSetting(_resourcesenabled)</visible>
												<animation reversible="false" effect="zoom" start="0,0,200,283" end="-15,-37,230,330" time="120">focus</animation>
												<animation reversible="false" effect="zoom" end="0,0,200,283" start="-15,-37,230,330" time="120">unfocus</animation>
										</control>
										<control type="largeimage">
												<posx>0</posx>
												<posy>0</posy>
												<width>200</width>
												<height>283</height>
												<aspectratio>stretch</aspectratio>
												<fadetime>ThumbCrossfadeTime</fadetime>
												<texture background="true">$INFO[listitem.path,,_resources\artwork\poster.jpg]</texture>
												<visible>Skin.HasSetting(_resourcesenabled)</visible>
												<animation reversible="false" effect="zoom" start="0,0,200,283" end="-15,-37,230,330" time="120">focus</animation>
												<animation reversible="false" effect="zoom" end="0,0,200,283" start="-15,-37,230,330" time="120">unfocus</animation>
										</control>
										<control type="image">
												<posx>0</posx>
												<posy>0</posy>
												<width>200</width>
												<height>283</height>
												<aspectratio>stretch</aspectratio>
												<texture background="true" border="5">poster-border.png</texture>
												<animation reversible="false" effect="zoom" start="0,0,200,283" end="-20,-42,240,340" time="120">focus</animation>
												<animation reversible="false" effect="fade" start="100" end="0" time="0">unfocus</animation>
										</control>
										<control type="image">
												<posx>5</posx>
												<posy>30</posy>
												<width>25</width>
												<height>25</height>
												<aspectratio>stretch</aspectratio>
												<fadetime>ThumbCrossfadeTime</fadetime>
												<texture>overlay-watched.png</texture>
												<visible>IntegerGreaterThan(ListItem.ProgramCount,0)</visible>
												<animation reversible="false" effect="zoom" start="5,30,25,25" end="-10,-5,30,30" time="120">focus</animation>
												<animation reversible="false" effect="zoom" end="5,30,25,25" start="-10,-5,30,30" time="120">unfocus</animation>
												<animation reversible="false" effect="fade" start="100" end="0" time="0" condition="Container(50).OnScrollNext">Conditional</animation>
												<animation reversible="false" effect="fade" start="100" end="0" time="0" condition="Container(50).OnScrollPrevious">Conditional</animation>
												<visible>!Skin.HasSetting(HidePlayedIndicator)</visible>
										</control>
										<control type="image">
												<posx>5</posx>
												<posy>30</posy>
												<width>25</width>
												<height>25</height>
												<aspectratio>stretch</aspectratio>
												<fadetime>ThumbCrossfadeTime</fadetime>
												<texture>$INFO[listitem.overlay]</texture>
												<animation reversible="false" effect="zoom" start="5,30,25,25" end="-10,-5,30,30" time="120">focus</animation>
												<animation reversible="false" effect="zoom" end="5,30,25,25" start="-10,-5,30,30" time="120">unfocus</animation>
												<animation reversible="false" effect="slide" start="0,0" end="0,23" time="0" condition="!Skin.HasSetting(HidePlayedIndicator) + IntegerGreaterThan(ListItem.ProgramCount,0)">Conditional</animation>
												<animation reversible="false" effect="fade" start="100" end="0" time="0" condition="Container(50).OnScrollNext">Conditional</animation>
												<animation reversible="false" effect="fade" start="100" end="0" time="0" condition="Container(50).OnScrollPrevious">Conditional</animation>
												<visible>!Skin.HasSetting(HideTrainerIndicator)</visible>
										</control>
										<!-- Flipped images -->
										<control type="image">
												<posx>0</posx>
												<posy>283</posy>
												<width>200</width>
												<height>283</height>
												<aspectratio>stretch</aspectratio>
												<fadetime>ThumbCrossfadeTime</fadetime>
												<texture background="true" flipy="true" diffuse="diffuse_mirror.png">thumbnf.png</texture>
												<visible>!Skin.HasSetting(_resourcesenabled)</visible>
												<animation reversible="false" effect="zoom" start="0,283,200,283" end="-20,298,240,330" time="120">focus</animation>
												<animation reversible="false" effect="zoom" end="0,283,200,283" start="-20,298,240,330" time="120">unfocus</animation>
										</control>
										<control type="image">
												<posx>0</posx>
												<posy>283</posy>
												<width>200</width>
												<height>283</height>
												<aspectratio>stretch</aspectratio>
												<fadetime>ThumbCrossfadeTime</fadetime>
												<texture background="true" border="5" flipy="true" diffuse="diffuse_mirror.png">no_poster.jpg</texture>
												<visible>Skin.HasSetting(_resourcesenabled)</visible>
												<animation reversible="false" effect="zoom" start="0,283,200,283" end="-15,303,230,330" time="120">focus</animation>
												<animation reversible="false" effect="zoom" end="0,283,200,283" start="-15,303,230,330" time="120">unfocus</animation>
										</control>
										<control type="largeimage">
												<posx>0</posx>
												<posy>283</posy>
												<width>200</width>
												<height>283</height>
												<aspectratio>stretch</aspectratio>
												<fadetime>ThumbCrossfadeTime</fadetime>
												<texture background="true" flipy="true" diffuse="diffuse_mirror.png">$INFO[listitem.path,,_resources\artwork\poster_small_blurred.jpg]</texture>
												<visible>Skin.HasSetting(_resourcesenabled)</visible>
												<animation reversible="false" effect="zoom" start="0,283,200,283" end="-15,303,230,330" time="120">focus</animation>
												<animation reversible="false" effect="zoom" end="0,283,200,283" start="-15,303,230,330" time="120">unfocus</animation>
										</control>
										<control type="image">
												<posx>0</posx>
												<posy>283</posy>
												<width>200</width>
												<height>283</height>
												<aspectratio>stretch</aspectratio>
												<texture background="true" flipy="true" diffuse="diffuse_mirror.png">poster-border.png</texture>
												<animation reversible="false" effect="zoom" start="0,283,200,283" end="-20,298,240,330" time="120">focus</animation>
												<animation reversible="false" effect="fade" start="100" end="0" time="0">unfocus</animation>
										</control>
								</focusedlayout>
						</control>
						<control type="label">
								<posx>0</posx>
								<posy>95r</posy>
								<width>1280</width>
								<height>36</height>
								<font>size_35</font>
								<textcolor>$VAR[var-labelcolour]</textcolor>
								<scroll>true</scroll>
								<align>center</align>
								<aligny>center</aligny>
								<label>[UPPERCASE]$INFO[ListItem.Label][/UPPERCASE]</label>
								<animation effect="fade" start="100" end="0" time="0" condition="Skin.HasSetting(hidefoldernames) + !Container(50).ListItem.IsFolder">Conditional</animation>
								<animation effect="fade" start="100" end="0" time="0" condition="Skin.HasSetting(hidegamenames) + Container(50).ListItem.IsFolder">Conditional</animation>
						</control>
						<control type="scrollbar" id="80">
								<posx>150</posx>
								<posy>50r</posy>
								<width>980</width>
								<height>15</height>
								<texturesliderbackground border="2,2,2,2">black-back.png</texturesliderbackground>
								<texturesliderbar border="16,2,16,2">scrollbar_bar-vertical.png</texturesliderbar>
								<texturesliderbarfocus border="16,2,16,2">scrollbar_bar_focus-vertical.png</texturesliderbarfocus>
								<textureslidernib>scrollbar_nib-vertical.png</textureslidernib>
								<textureslidernibfocus>scrollbar_nib-vertical.png</textureslidernibfocus>
								<onup>50</onup>
								<ondown>-</ondown>
								<showonepage>false</showonepage>
								<orientation>horizontal</orientation>
								<visible allowhiddenfocus="true">Control.HasFocus(80)</visible>
								<animation reversible="true" effect="fade" start="0" end="100" delay="" time="300">visible</animation>
								<animation reversible="true" effect="fade" start="100" end="0" delay="" time="300">hidden</animation>
						</control>
				</control>
		</include>
</includes>