<synopsis>
	<foldername>Xbmc4Gamers-T</foldername>
	<title>Xbmc4Gamers</title>
	<developer>Rocky5</developer>
	<publisher>Rocky5</publisher>
	<features_general>Great dashboard for games and applications</features_general>
	<features_online>Built in downloader<features_online/>
	<esrb></esrb>
	<esrb_descriptors></esrb_descriptors>
	<genre>Dashboard</genre>
	<release_date></release_date>
	<rating></rating>
	<platform></platform>
	<exclusive>Yes</exclusive>
	<titleid>0FACE008</titleid>
	<overview></overview>
</synopsis>
