<window type="dialog" id="1120">
		<defaultcontrol always="true">9000</defaultcontrol>
		<controls>
				<control type="group" id="jump section">
						<posy>90</posy>
						<control type="image">
								<description>background image</description>
								<posx>320</posx>
								<posy>100</posy>
								<width>640</width>
								<height>350</height>
								<texture border="20,20,20,20">menu_back.png</texture>
						</control>
						<control type="label">
								<description>heading label</description>
								<posx>320</posx>
								<posy>130</posy>
								<width>640</width>
								<height>50</height>
								<align>center</align>
								<aligny>center</aligny>
								<font>size_50</font>
								<label>$LOCALIZE[33063]</label>
								<textcolor>menu_header_label</textcolor>
						</control>
						<control type="grouplist" id="9000">
								<posx>320</posx>
								<posy>201</posy>
								<width>640</width>
								<height>50</height>
								<onleft>9000</onleft>
								<onright>9000</onright>
								<onup>9001</onup>
								<ondown>9001</ondown>
								<itemgap>-1</itemgap>
								<scrolltime>0</scrolltime>
								<orientation>horizontal</orientation>
								<!-- jumpcode -->
						</control>
						<control type="grouplist" id="9001">
								<posx>320</posx>
								<posy>251</posy>
								<width>640</width>
								<height>200</height>
								<onleft>-</onleft>
								<onright>-</onright>
								<onup>9000</onup>
								<ondown>9000</ondown>
								<itemgap>-1</itemgap>
								<scrolltime>0</scrolltime>
								<orientation>vertical</orientation>
								<control type="button" id="8028">
										<label>[UPPERCASE]Add current rom to $LOCALIZE[1036][/UPPERCASE]</label>
										<include>MenuButtonCommonValues</include>
										<onclick>Dialog.Close(1120)</onclick>
										<onclick>SetFocus(9200)</onclick>
										<onclick>RunScript(Special://XBMC/_scripts/XBMC-Emustation/generate_favourites.py)</onclick>
								</control>
						</control>
				</control>
		</controls>
</window>