<window type="dialog" id="1111">
		<defaultcontrol always="true">9000</defaultcontrol>
		<controls>
				<control type="image">
						<description>background image</description>
						<posx>0</posx>
						<posy>0</posy>
						<width>1280</width>
						<height>720</height>
						<colordiffuse>E0000000</colordiffuse>
						<texture>background diffuse.png</texture>
				</control>
				<control type="group">
						<visible>!Window.IsActive(1112) + !Window.IsActive(1113) + !Window.IsActive(1114) + !Window.IsActive(1115) + !Window.IsActive(1300)</visible>
						<posy>41.5</posy>
						<control type="image">
								<description>background image</description>
								<posx>320</posx>
								<posy>108</posy>
								<width>640</width>
								<height>251</height>
								<texture border="20,20,20,20">menu_back.png</texture>
								<visible>Skin.HasSetting(KioskMode)</visible>
						</control>
						<control type="image">
								<description>background image</description>
								<posx>320</posx>
								<posy>108</posy>
								<width>640</width>
								<height>421</height>
								<texture border="20,20,20,20">menu_back.png</texture>
								<visible>!Skin.HasSetting(KioskMode)</visible>
						</control>
						<control type="label">
								<description>heading label</description>
								<posx>320</posx>
								<posy>130</posy>
								<width>640</width>
								<height>50</height>
								<align>center</align>
								<aligny>center</aligny>
								<font>size_50</font>
								<label>$LOCALIZE[32000]</label>
								<textcolor>menu_header_label</textcolor>
						</control>
						<control type="label">
								<posx>320</posx>
								<posy>480</posy>
								<width>640</width>
								<height>50</height>
								<align>center</align>
								<label>$LOCALIZE[39999]</label>
								<include>MenuFolderButtonCommonValues</include>
								<animation effect="slide" start="0,0" end="0,-170" time="0" condition="Skin.HasSetting(KioskMode)">Conditional</animation>
						</control>
						<!-- Main Menu -->
						<control type="grouplist" id="9000">
								<posx>320</posx>
								<posy>200</posy>
								<width>640</width>
								<height>295</height>
								<onleft>9000</onleft>
								<onright>9000</onright>
								<onup>9000</onup>
								<ondown>9000</ondown>
								<itemgap>-1</itemgap>
								<control type="button" id="1">
										<posx>0</posx>
										<posy>0</posy>
										<label>$LOCALIZE[32005]</label>
										<include>MenuFolderButtonCommonValues</include>
										<onclick>RunScript(special://emustation_scripts/menu_loader.py)</onclick>
										<visible>!Skin.HasSetting(KioskMode)</visible>
								</control>
								<control type="button" id="2">
										<posx>0</posx>
										<posy>0</posy>
										<label>$LOCALIZE[32001]</label>
										<include>MenuFolderButtonCommonValues</include>
										<onclick>ActivateWindow(1112)</onclick>
								</control>
								<control type="button" id="3">
										<posx>0</posx>
										<posy>0</posy>
										<label>$LOCALIZE[32002]</label>
										<include>MenuFolderButtonCommonValues</include>
										<onclick>ActivateWindow(1113)</onclick>
										<visible>!Skin.HasSetting(KioskMode)</visible>
								</control>
								<control type="button" id="4">
										<posx>0</posx>
										<posy>0</posy>
										<label>$LOCALIZE[32003]</label>
										<include>MenuFolderButtonCommonValues</include>
										<onclick>ActivateWindow(1114)</onclick>
										<visible>!Skin.HasSetting(KioskMode)</visible>
								</control>
								<control type="button" id="5">
										<posx>0</posx>
										<posy>0</posy>
										<label>$LOCALIZE[32004]</label>
										<include>MenuFolderButtonCommonValues</include>
										<onclick>ActivateWindow(1115)</onclick>
								</control>
						</control>
				</control>
				<control type="button" id="99">
						<posx>-500</posx>
						<posy>0</posy>
						<label>dummy label for python script</label>
						<!-- This button is used for the python script. So it knows its the Applications menu -->
				</control>
		</controls>
</window>