<window type="dialog" id="1114">
		<defaultcontrol always="true">2</defaultcontrol>
		<include>defaultassetspaths</include>
		<controls>
				<control type="group">
						<posy>41.5</posy>
						<control type="image">
								<description>background image</description>
								<posx>320</posx>
								<posy>108</posy>
								<width>640</width>
								<height>421</height>
								<texture border="20,20,20,20">menu_back.png</texture>
						</control>
						<control type="label">
								<description>heading label</description>
								<posx>320</posx>
								<posy>130</posy>
								<width>640</width>
								<height>50</height>
								<align>center</align>
								<aligny>center</aligny>
								<font>size_50</font>
								<label>$LOCALIZE[32003]</label>
								<textcolor>menu_header_label</textcolor>
						</control>
						<!-- Main Menu -->
						<control type="grouplist" id="9000">
								<posx>320</posx>
								<posy>200</posy>
								<width>640</width>
								<height>295</height>
								<onleft>-</onleft>
								<onright>-</onright>
								<onup>9000</onup>
								<ondown>9000</ondown>
								<itemgap>-1</itemgap>
								<!-- Scan Roms -->
								<control type="label" id="1">
										<posx>320</posx>
										<posy>130</posy>
										<width>640</width>
										<height>50</height>
										<align>center</align>
										<aligny>center</aligny>
										<font>size_23</font>
										<label>$LOCALIZE[32046]</label>
										<textcolor>menu_header_label</textcolor>
								</control>
								<control type="button" id="2">
										<posx>0</posx>
										<posy>0</posy>
										<label> &gt; $LOCALIZE[32047]</label>
										<include>MenuButtonCommonValues</include>
										<onclick>RunScript(special://emustation_scripts/create_rom_lists.py,0,auto)</onclick>
										<animation effect="fade" time="0">hidden</animation>
								</control>
								<control type="button" id="3">
										<posx>0</posx>
										<posy>0</posy>
										<label> &gt; $LOCALIZE[32048]</label>
										<include>MenuButtonCommonValues</include>
										<onclick>RunScript(special://emustation_scripts/create_rom_lists.py,manual,0)</onclick>
										<animation effect="fade" time="0">hidden</animation>
								</control>
								<control type="button" id="4">
										<posx>0</posx>
										<posy>0</posy>
										<label> &gt; $LOCALIZE[32040]</label>
										<include>MenuButtonCommonValues</include>
										<onclick>RunScript(special://emustation_scripts/refresh_carousel.py,scan_emus,0,scan_xbes,0)</onclick>
								</control>
								<control type="button" id="5">
										<posx>0</posx>
										<posy>0</posy>
										<label> &gt; XBOX GAMES ARTWORK INSTALLER</label>
										<include>MenuButtonCommonValues</include>
										<onclick>RunScript( Special://xbmc/system/scripts/Xbox Artwork Installer/default.py )</onclick>
								</control>
								<!-- custom paths -->
								<control type="label" id="10">
										<posx>320</posx>
										<posy>130</posy>
										<width>640</width>
										<height>50</height>
										<align>center</align>
										<aligny>center</aligny>
										<font>size_23</font>
										<label>$LOCALIZE[32050]</label>
										<textcolor>menu_header_label</textcolor>
								</control>
								<control type="button" id="11">
										<posx>0</posx>
										<posy>0</posy>
										<label>$LOCALIZE[32051]</label>
										<label2>$INFO[Skin.String(Custom_Emulator_Path)]</label2>
										<include>MenuButtonCommonValues</include>
										<onclick>Skin.Reset(Custom_Emulator_Path)</onclick>
										<onclick>Skin.SetPath(Custom_Emulator_Path)</onclick>
								</control>
								<control type="button" id="12">
										<posx>0</posx>
										<posy>0</posy>
										<label> &gt; $LOCALIZE[32053] $LOCALIZE[32051]</label>
										<include>MenuButtonCommonValues</include>
										<onclick>Skin.SetString(Custom_Emulator_Path,Q:\.emustation\emulators\)</onclick>
										<onclick>SetFocus(31)</onclick>
										<visible>!StringCompare(Skin.String(Custom_Emulator_Path),Q:\.emustation\emulators\)</visible>
								</control>
								<control type="button" id="13">
										<posx>0</posx>
										<posy>0</posy>
										<label>$LOCALIZE[32056]</label>
										<label2>$INFO[Skin.String(Custom_Media_Path)]</label2>
										<include>MenuButtonCommonValues</include>
										<onclick>Skin.Reset(Custom_Media_Path)</onclick>
										<onclick>Skin.SetPath(Custom_Media_Path)</onclick>
								</control>
								<control type="button" id="14">
										<posx>0</posx>
										<posy>0</posy>
										<label> &gt; $LOCALIZE[32053] $LOCALIZE[32056]</label>
										<include>MenuButtonCommonValues</include>
										<onclick>Skin.SetString(Custom_Media_Path,Q:\.emustation\media\)</onclick>
										<onclick>SetFocus(35)</onclick>
										<visible>!StringCompare(Skin.String(Custom_Media_Path),Q:\.emustation\media\)</visible>
								</control>
								<control type="button" id="15">
										<posx>0</posx>
										<posy>0</posy>
										<label>$LOCALIZE[32052]</label>
										<label2>$INFO[Skin.String(Custom_Roms_Path)]</label2>
										<include>MenuButtonCommonValues</include>
										<onclick>Skin.Reset(Custom_Roms_Path)</onclick>
										<onclick>Skin.SetPath(Custom_Roms_Path)</onclick>
								</control>
								<control type="button" id="16">
										<posx>0</posx>
										<posy>0</posy>
										<label> &gt; $LOCALIZE[32053] $LOCALIZE[32052]</label>
										<include>MenuButtonCommonValues</include>
										<onclick>Skin.SetString(Custom_Roms_Path,Q:\.emustation\roms\)</onclick>
										<onclick>SetFocus(33)</onclick>
										<visible>!StringCompare(Skin.String(Custom_Roms_Path),Q:\.emustation\roms\)</visible>
								</control>
								<!-- other stuff-->
								<control type="label" id="40">
										<posx>320</posx>
										<posy>130</posy>
										<width>640</width>
										<height>50</height>
										<align>center</align>
										<aligny>center</aligny>
										<font>size_23</font>
										<label>$LOCALIZE[32054]</label>
										<textcolor>menu_header_label</textcolor>
								</control>
								<control type="button" id="41">
										<posx>0</posx>
										<posy>0</posy>
										<label> &gt; $LOCALIZE[32055]</label>
										<include>MenuButtonCommonValues</include>
										<onclick>RunScript(special://emustation_scripts/patch_xbe_paths.py)</onclick>
								</control>
						</control>
				</control>
				<control type="image">
						<posx>360r</posx>
						<posy>220</posy>
						<width>22</width>
						<height>22</height>
						<texture>scroll-up.png</texture>
						<colordiffuse>menu_header_label</colordiffuse>
						<animation type="Conditional" condition="System.IdleTime(1)" loop="true" reversable="false">
								<effect type="slide" start="0,0" end="0,-12" time="1000" tween="cubic" easing="inout" delay="3000" />
								<effect type="slide" start="0,0" end="0,12" time="1000" tween="cubic" easing="inout" delay="3500" />
						</animation>
				</control>
				<control type="image">
						<posx>360r</posx>
						<posy>182r</posy>
						<width>22</width>
						<height>22</height>
						<texture>scroll-down.png</texture>
						<colordiffuse>menu_header_label</colordiffuse>
						<animation type="Conditional" condition="System.IdleTime(1)" loop="true" reversable="false">
								<effect type="slide" start="0,0" end="0,12" time="1000" tween="cubic" easing="inout" delay="3000" />
								<effect type="slide" start="0,0" end="0,-12" time="1000" tween="cubic" easing="inout" delay="3500" />
						</animation>
				</control>
		</controls>
</window>