<window type="dialog" id="134">
		<defaultcontrol always="true">450</defaultcontrol>
		<onunload>Skin.Reset(favsloading)</onunload>
		<include>dialogeffect</include>
		<controls>
				<!-- Background Images -->
				<control type="image">
						<description>background</description>
						<posx>0</posx>
						<posy>0</posy>
						<width>1280</width>
						<height>720</height>
						<aspectratio>stretch</aspectratio>
						<colordiffuse>FF97999B</colordiffuse>
						<texture>background diffuse.png</texture>
				</control>
				<!-- Top Underlay Image -->
				<control type="image">
						<description>top bar</description>
						<posx>0</posx>
						<posy>0</posy>
						<width>1280</width>
						<height>115</height>
						<aspectratio>stretch</aspectratio>
						<colordiffuse>FFC8CACB</colordiffuse>
						<texture>background diffuse.png</texture>
				</control>
				<!-- System Log -->
				<control type="image">
						<description>logo</description>
						<posx>30</posx>
						<posy>20</posy>
						<width>490</width>
						<height>72</height>
						<aspectratio align="left">keep</aspectratio>
						<texture>layouts/favourites/art/logo.png</texture>
				</control>
				<!-- Bottom Underlay Image -->
				<control type="image">
						<posx>0</posx>
						<posy>47r</posy>
						<width>1280</width>
						<height>47</height>
						<aspectratio>stretch</aspectratio>
						<colordiffuse>FFC5C6C7</colordiffuse>
						<texture>background diffuse.png</texture>
				</control>
				<!-- Context Button Overlay -->
				<include>ContextButtonsFAVS</include>
				<!-- List Control -->
				<control type="list" id="450">
						<posx>32</posx>
						<posy>133.5</posy>
						<width>1216</width>
						<height>520</height>
						<onleft>PageUp</onleft>
						<onright>PageDown</onright>
						<onup>450</onup>
						<ondown>450</ondown>
						<viewtype label="List">List</viewtype>
						<preloaditems>2</preloaditems>
						<itemlayout height="40" width="1216">
								<control type="label">
										<posx>0</posx>
										<posy>1</posy>
										<width>1216</width>
										<height>40</height>
										<font>size_23</font>
										<textcolor>FF282A2B</textcolor>
										<selectedcolor>FF969696</selectedcolor>
										<align>center</align>
										<aligny>center</aligny>
										<label>[UPPERCASE]$INFO[ListItem.Label][/UPPERCASE]</label>
								</control>
						</itemlayout>
						<focusedlayout height="40" width="1216">
								<control type="image">
										<posx>0</posx>
										<posy>0</posy>
										<width>1216</width>
										<height>41</height>
										<aspectratio>stretch</aspectratio>
										<colordiffuse>FF34383B</colordiffuse>
										<texture border="1">background diffuse.png</texture>
								</control>
								<control type="label">
										<posx>0</posx>
										<posy>1</posy>
										<width>1216</width>
										<height>40</height>
										<font>size_23</font>
										<textcolor>FF949698</textcolor>
										<selectedcolor>FF969696</selectedcolor>
										<align>center</align>
										<aligny>center</aligny>
										<label>[UPPERCASE]$INFO[ListItem.Label][/UPPERCASE]</label>
								</control>
						</focusedlayout>
				</control>
		</controls>
</window>