<window id="115">
		<defaultcontrol>1</defaultcontrol>
		<visible>Player.Seeking | Player.DisplayAfterSeek | Player.Forwarding | Player.Rewinding</visible>
		<coordinates>
				<system>1</system>
				<posx>0</posx>
				<posy>0</posy>
		</coordinates>
		<controls>
				<include>VisibleFadeEffect</include>
				<!-- Player Controls are visible -->
				<control type="group">
						<posx>430r</posx>
						<posy>0</posy>
						<control type="progress" id="23">
								<description>Progressbar</description>
								<posx>105</posx>
								<posy>50</posy>
								<width>307</width>
								<height>10</height>
								<info>Player.Progress</info>
								<texturebg border="4,0,4,0">ProgressBack.png</texturebg>
								<lefttexture>-</lefttexture>
								<midtexture border="4,0,4,0">progressfrontalt.png</midtexture>
								<visible>Player.Seeking + Window.IsActive(114)</visible>
						</control>
						<control type="slider" id="401">
								<description>Seek Slider</description>
								<posx>105</posx>
								<posy>50</posy>
								<width>307</width>
								<height>10</height>
								<colordiffuse>FF8B0000</colordiffuse>
								<texturesliderbar>seekslider.png</texturesliderbar>
								<textureslidernib>slider_nibFO.png</textureslidernib>
								<textureslidernibfocus>slider_nibFO.png</textureslidernibfocus>
								<visible>Player.Seeking + Window.IsActive(114)</visible>
						</control>
				</control>
				<!-- Fullscreen visualisation -->
				<control type="group">
						<control type="progress" id="23">
								<description>Progressbar</description>
								<posx>10</posx>
								<posy>710</posy>
								<width>200</width>
								<height>10</height>
								<info>Player.Progress</info>
								<texturebg border="4,0,4,0">ProgressBack.png</texturebg>
								<lefttexture>-</lefttexture>
								<midtexture border="4,0,4,0">progressfrontalt.png</midtexture>
								<visible>Player.Seeking + Window.IsActive(2006) + !Window.IsActive(114)</visible>
						</control>
						<control type="slider" id="401">
								<description>Seek Slider</description>
								<posx>10</posx>
								<posy>710</posy>
								<width>200</width>
								<height>10</height>
								<colordiffuse>FF8B0000</colordiffuse>
								<texturesliderbar>seekslider.png</texturesliderbar>
								<textureslidernib>slider_nibFO.png</textureslidernib>
								<textureslidernibfocus>slider_nibFO.png</textureslidernibfocus>
								<visible>Player.Seeking + Window.IsActive(2006) + !Window.IsActive(114)</visible>
						</control>
				</control>
				<!-- All other screens -->
				<control type="group">
						<control type="progress" id="23">
								<description>Progressbar</description>
								<posx>490</posx>
								<posy>0</posy>
								<width>300</width>
								<height>10</height>
								<info>Player.Progress</info>
								<texturebg border="4,0,4,0">ProgressBack.png</texturebg>
								<lefttexture>-</lefttexture>
								<midtexture border="4,0,4,0">progressfrontalt.png</midtexture>
								<visible>Player.Seeking + !Window.IsActive(114) + !Window.IsActive(2006)</visible>
						</control>
						<control type="slider" id="401">
								<description>Seek Slider</description>
								<posx>490</posx>
								<posy>0</posy>
								<width>300</width>
								<height>10</height>
								<colordiffuse>FF8B0000</colordiffuse>
								<texturesliderbar>seekslider.png</texturesliderbar>
								<textureslidernib>slider_nibFO.png</textureslidernib>
								<textureslidernibfocus>slider_nibFO.png</textureslidernibfocus>
								<visible>Player.Seeking + !Window.IsActive(114) + !Window.IsActive(2006)</visible>
						</control>
				</control>
		</controls>
</window>