<?xml version="1.0" encoding="Windows-1252" standalone="yes"?>
<addon id="script.module.xbeinfo" name="xbe info" version="1.0.0" provider-name="Inspiration/code from:	https://github.com/LoveMHz/XBEpy">
		<requires>
				<import addon="xbmc.python" version="1.0" />
		</requires>
		<extension point="xbmc.python.module" library="lib" />
		<extension point="xbmc.addon.metadata">
				<summary lang="en">Extract info from an XBE file</summary>
				<description lang="en">I have modified these to my needs, they are used to extract the image from the xbe file.</description>
				<license>BSD</license>
				<platform>Xbox</platform>
		</extension>
</addon>