<window id="100">
		<defaultcontrol always="true">10</defaultcontrol>
		<controls>
				<control type="image">
						<include>1280x720</include>
						<texture>black-back.png</texture>
				</control>
				<control type="image">
						<description>background image</description>
						<posx>326</posx>
						<posy>252</posy>
						<width>628</width>
						<height>215</height>
						<texture>windows\dialogs\main.png</texture>
				</control>
				<control type="image">
						<description>Heading Background</description>
						<posx>339</posx>
						<posy>259</posy>
						<width>602</width>
						<height>61</height>
						<texture>windows\dialogs\header.png</texture>
				</control>
				<control type="label" id="1">
						<description>heading label</description>
						<posx>370</posx>
						<posy>269</posy>
						<width>540</width>
						<height>40</height>
						<font>size_28</font>
						<scroll>true</scroll>
						<align>left</align>
						<textcolor>windows_header_label</textcolor>
						<label>-</label>
				</control>
				<control type="label" id="2">
						<description>dialog line 1</description>
						<posx>370</posx>
						<posy>332</posy>
						<width>540</width>
						<height>40</height>
						<font>size_20</font>
						<scroll>true</scroll>
						<align>left</align>
						<textcolor>windows_label_no_focus</textcolor>
						<label>-</label>
				</control>
				<control type="label" id="3">
						<description>dialog line 2</description>
						<posx>370</posx>
						<posy>356</posy>
						<width>540</width>
						<height>40</height>
						<font>size_20</font>
						<scroll>true</scroll>
						<align>left</align>
						<textcolor>windows_label_no_focus</textcolor>
						<label>-</label>
				</control>
				<control type="label" id="4">
						<description>dialog line 3</description>
						<posx>370</posx>
						<posy>380</posy>
						<width>540</width>
						<height>40</height>
						<font>size_20</font>
						<scroll>true</scroll>
						<align>left</align>
						<textcolor>windows_label_no_focus</textcolor>
						<label>-</label>
				</control>
				<control type="button" id="11">
						<description>Yes button</description>
						<posx>700</posx>
						<posy>412</posy>
						<width>100</width>
						<height>36</height>
						<label>186</label>
						<textcolor>windows_label_no_focus</textcolor>
						<focusedcolor>windows_label_focus</focusedcolor>
						<align>center</align>
						<texturenofocus border="3">windows\dialogs\button_no_focus.png</texturenofocus>
						<texturefocus border="3">windows\dialogs\button_focus.png</texturefocus>
						<onleft>10</onleft>
						<onright>10</onright>
						<onup>11</onup>
						<ondown>11</ondown>
				</control>
				<control type="button" id="10">
						<description>No button</description>
						<posx>810</posx>
						<posy>412</posy>
						<width>100</width>
						<height>36</height>
						<label>222</label>
						<textcolor>windows_label_no_focus</textcolor>
						<focusedcolor>windows_label_focus</focusedcolor>
						<align>center</align>
						<texturenofocus border="3">windows\dialogs\button_no_focus.png</texturenofocus>
						<texturefocus border="3">windows\dialogs\button_focus.png</texturefocus>
						<onleft>11</onleft>
						<onright>11</onright>
						<onup>10</onup>
						<ondown>10</ondown>
				</control>
		</controls>
</window>