<window id="34">
		<defaultcontrol always="true">2</defaultcontrol>
		<allowoverlay>no</allowoverlay>
		<controls>
				<include>CommonBackground</include>
				<include>WindowHeader</include>
				<control type="group">
						<animation effect="fade" time="100">WindowOpen</animation>
						<animation effect="fade" time="400" delay="300">WindowClose</animation>
						<control type="label.">
								<posx>40r</posx>
								<posy>75r</posy>
								<width>1280</width>
								<height>36</height>
								<font>size_25</font>
								<textcolor>xbmc4gamers_label</textcolor>
								<align>right</align>
								<aligny>center</aligny>
								<label>Welcome to XBMC4Gamers</label>
						</control>
						<control type="image">
								<description>background image</description>
								<posx>0</posx>
								<posy>0</posy>
								<width>1280</width>
								<height>720</height>
								<texture>windows_context_label.png</texture>
								<animation effect="fade" start="60" end="60" time="0" condition="true">Conditional</animation>
						</control>
				</control>
				<control type="group">
						<include>DialogEffectZoomFast</include>
						<control type="image">
								<posx>201</posx>
								<posy>81</posy>
								<width>878</width>
								<height>558</height>
								<aspectratio>stretch</aspectratio>
								<texture>windows\generic\main.png</texture>
						</control>
						<control type="image">
								<posx>219</posx>
								<posy>99</posy>
								<width>842</width>
								<height>61</height>
								<aspectratio>stretch</aspectratio>
								<texture>windows\generic\header.png</texture>
						</control>
						<control type="label">
								<posx>250</posx>
								<posy>110</posy>
								<width>769</width>
								<height>28</height>
								<font>size_28</font>
								<scroll>true</scroll>
								<align>left</align>
								<textcolor>windows_header_label</textcolor>
								<label>Manage Profiles</label>
						</control>
						<control type="grouplist">
								<description>Control Info</description>
								<posx>250</posx>
								<posy>568</posy>
								<width>780</width>
								<height>80</height>
								<itemgap>10</itemgap>
								<orientation>Horizontal</orientation>
								<align>center</align>
								<!-- A Button -->
								<control type="image">
										<posx>0</posx>
										<posy>0</posy>
										<width>32</width>
										<height>32</height>
										<aspectratio>stretch</aspectratio>
										<texture>pad_buttons\a_button.png</texture>
								</control>
								<control type="label">
										<posx>0</posx>
										<posy>0</posy>
										<width min="80" max="147">auto</width>
										<height>20</height>
										<font>size_19</font>
										<align>left</align>
										<textcolor>windows_context_label</textcolor>
										<label>$LOCALIZE[424]</label>
										<include>Context_Buttons_Text_Align</include>
								</control>
								<!-- D-Pad Right Button -->
								<control type="image">
										<posx>0</posx>
										<posy>0</posy>
										<width>32</width>
										<height>32</height>
										<aspectratio>stretch</aspectratio>
										<texture>pad_buttons\dpad_right_button.png</texture>
										<visible allowhiddenfocus="true">!Control.HasFocus(9002) + !Control.HasFocus(9003) + !Control.HasFocus(9004)</visible>
								</control>
								<control type="label">
										<posx>0</posx>
										<posy>0</posy>
										<width min="80" max="147">auto</width>
										<height>20</height>
										<font>size_19</font>
										<align>left</align>
										<textcolor>windows_context_label</textcolor>
										<label>$LOCALIZE[31505]</label>
										<include>Context_Buttons_Text_Align</include>
										<visible allowhiddenfocus="true">!Control.HasFocus(9002) + !Control.HasFocus(9003) + !Control.HasFocus(9004)</visible>
								</control>
								<!-- D-Pad left Button -->
								<control type="image">
										<posx>0</posx>
										<posy>0</posy>
										<width>32</width>
										<height>32</height>
										<aspectratio>stretch</aspectratio>
										<texture>pad_buttons\dpad_left_button.png</texture>
										<visible allowhiddenfocus="true">Control.HasFocus(9002) | Control.HasFocus(9003) | Control.HasFocus(9004)</visible>
								</control>
								<control type="label">
										<posx>0</posx>
										<posy>0</posy>
										<width min="80" max="147">auto</width>
										<height>20</height>
										<font>size_19</font>
										<align>left</align>
										<textcolor>windows_context_label</textcolor>
										<label>13200</label>
										<include>Context_Buttons_Text_Align</include>
										<visible allowhiddenfocus="true">Control.HasFocus(9002) | Control.HasFocus(9003) | Control.HasFocus(9004)</visible>
								</control>
								<!-- White Button -->
								<control type="image">
										<posx>0</posx>
										<posy>0</posy>
										<width>32</width>
										<height>32</height>
										<aspectratio>stretch</aspectratio>
										<texture>pad_buttons\white_button.png</texture>
										<visible allowhiddenfocus="true">!Control.HasFocus(9002) + !Control.HasFocus(9003) + !Control.HasFocus(9004)</visible>
								</control>
								<control type="label">
										<posx>0</posx>
										<posy>0</posy>
										<width min="80" max="147">auto</width>
										<height>20</height>
										<font>size_19</font>
										<align>left</align>
										<textcolor>windows_context_label</textcolor>
										<label>$LOCALIZE[31506]</label>
										<include>Context_Buttons_Text_Align</include>
										<visible allowhiddenfocus="true">!Control.HasFocus(9002) + !Control.HasFocus(9003) + !Control.HasFocus(9004)</visible>
								</control>
								<!-- Start Button -->
								<control type="image">
										<posx>0</posx>
										<posy>0</posy>
										<width>32</width>
										<height>32</height>
										<aspectratio>stretch</aspectratio>
										<texture>pad_buttons\start_button.png</texture>
								</control>
								<control type="label">
										<posx>0</posx>
										<posy>0</posy>
										<width min="80" max="147">auto</width>
										<height>20</height>
										<font>size_19</font>
										<align>left</align>
										<textcolor>windows_context_label</textcolor>
										<label>$LOCALIZE[5]</label>
										<include>Context_Buttons_Text_Align</include>
								</control>
								<!-- R Stick Button -->
								<control type="image">
										<posx>0</posx>
										<posy>0</posy>
										<width>32</width>
										<height>32</height>
										<texture>pad_buttons\r_stick_button.png</texture>
										<aspectratio>keep</aspectratio>
								</control>
								<control type="label">
										<posx>0</posx>
										<posy>0</posy>
										<width min="80" max="147">auto</width>
										<height>20</height>
										<font>size_19</font>
										<align>left</align>
										<textcolor>windows_context_label</textcolor>
										<label>$LOCALIZE[31123]</label>
										<include>Context_Buttons_Text_Align</include>
								</control>
						</control>
						<!-- Content List -->
						<control type="list" id="2">
								<posx>250</posx>
								<posy>180</posy>
								<width>769</width>
								<height>370</height>
								<onleft>-</onleft>
								<onright>9000</onright>
								<onup>2</onup>
								<ondown>2</ondown>
								<viewtype>list</viewtype>
								<scrolltime>200</scrolltime>
								<orientation>vertical</orientation>
								<preloaditems>2</preloaditems>
								<visible allowhiddenfocus="true">!Control.HasFocus(9002) + !Control.HasFocus(9003) + !Control.HasFocus(9004) + !Window.IsVisible(1115)</visible>
								<itemlayout height="74" width="796">
										<control type="image">
												<posx>0</posx>
												<posy>-1</posy>
												<width>769</width>
												<height>74</height>
												<aspectratio>stretch</aspectratio>
												<texture>windows\generic\button_no_focus.png</texture>
										</control>
										<control type="image">
												<posx>4</posx>
												<posy>4</posy>
												<width>64</width>
												<height>64</height>
												<aspectratio>stretch</aspectratio>
												<texture background="false" fallback="unknown-user.png">$INFO[listitem.Icon]</texture>
										</control>
										<control type="label">
												<posx>88</posx>
												<posy>0</posy>
												<width>644</width>
												<height>23</height>
												<align>left</align>
												<font>size_24</font>
												<textcolor>windows_label_no_focus</textcolor>
												<label>$INFO[listitem.Label]</label>
										</control>
										<control type="label">
												<posx>88</posx>
												<posy>41</posy>
												<width>644</width>
												<height>23</height>
												<align>left</align>
												<font>size_19</font>
												<textcolor>windows_label_no_focus</textcolor>
												<label>$INFO[ListItem.label2]</label>
										</control>
								</itemlayout>
								<focusedlayout height="74" width="769">
										<control type="image">
												<posx>0</posx>
												<posy>0</posy>
												<width>769</width>
												<height>74</height>
												<aspectratio>stretch</aspectratio>
												<texture>windows\generic\windows_button_no_focus.png</texture>
										</control>
										<control type="image">
												<posx>0</posx>
												<posy>1</posy>
												<width>769</width>
												<height>72</height>
												<aspectratio>stretch</aspectratio>
												<texture>windows\generic\button_focus.png</texture>
										</control>
										<control type="image">
												<posx>4</posx>
												<posy>4</posy>
												<width>64</width>
												<height>64</height>
												<aspectratio>stretch</aspectratio>
												<texture background="false" fallback="unknown-user.png">$INFO[listitem.Icon]</texture>
										</control>
										<control type="label">
												<posx>88</posx>
												<posy>0</posy>
												<width>644</width>
												<height>23</height>
												<align>left</align>
												<font>size_24</font>
												<textcolor>windows_label_focus</textcolor>
												<selectedcolor>windows_label_focus</selectedcolor>
												<label>$INFO[listitem.Label]</label>
										</control>
										<control type="label">
												<posx>88</posx>
												<posy>41</posy>
												<width>644</width>
												<height>23</height>
												<align>left</align>
												<font>size_19</font>
												<textcolor>windows_label_focus</textcolor>
												<selectedcolor>windows_label_focus</selectedcolor>
												<label>$INFO[ListItem.label2]</label>
										</control>
								</focusedlayout>
						</control>
				</control>
				<control type="group">
						<include>DialogEffectZoomFast</include>
						<posx>55</posx>
						<posy>55</posy>
						<visible allowhiddenfocus="true">Control.HasFocus(9002) | Control.HasFocus(9003) | Control.HasFocus(9004)</visible>
						<control type="grouplist" id="9000">
								<posx>305</posx>
								<posy>200</posy>
								<width>570</width>
								<height>250</height>
								<onleft>2</onleft>
								<onright>-</onright>
								<onup>-</onup>
								<ondown>-</ondown>
								<itemgap>1</itemgap>
								<scrolltime>0</scrolltime>
								<orientation>vertical</orientation>
								<control type="textbox" id="9001">
										<posx>595</posx>
										<posy>455</posy>
										<width>570</width>
										<height>45</height>
										<font>size_15</font>
										<textcolor>grey2</textcolor>
										<scroll>true</scroll>
										<align>center</align>
										<label>$LOCALIZE[31500]</label>
								</control>
								<control type="radiobutton" id="9002">
										<description>Individual saves Button</description>
										<posx>595</posx>
										<posy>370</posy>
										<width>570</width>
										<height>45</height>
										<font>size_20</font>
										<label>  $LOCALIZE[31501]</label>
										<textcolor>windows_context_label</textcolor>
										<focusedcolor>windows_context_label</focusedcolor>
										<texturefocus border="5">thumbfO.png</texturefocus>
										<texturenofocus border="5">list_seperator_alt.png</texturenofocus>
										<onclick>Skin.ToggleSetting(UseProfiles)</onclick>
										<selected>Skin.HasSetting(UseProfiles)</selected>
								</control>
								<control type="button" id="9003">
										<description>Birthdays Button</description>
										<posx>595</posx>
										<posy>515</posy>
										<width>570</width>
										<height>45</height>
										<font>size_20</font>
										<label>  $LOCALIZE[31502]</label>
										<textcolor>windows_context_label</textcolor>
										<focusedcolor>windows_context_label</focusedcolor>
										<texturefocus border="5">thumbfO.png</texturefocus>
										<texturenofocus border="5">list_seperator_alt.png</texturenofocus>
										<onclick>ActivateWindow(1115)</onclick>
								</control>
								<control type="radiobutton" id="9004">
										<description>Intro Button</description>
										<posx>595</posx>
										<posy>515</posy>
										<width>570</width>
										<height>45</height>
										<font>size_20</font>
										<label>  $LOCALIZE[31504]</label>
										<textcolor>windows_context_label</textcolor>
										<focusedcolor>windows_context_label</focusedcolor>
										<texturefocus border="5">thumbfO.png</texturefocus>
										<texturenofocus border="5">list_seperator_alt.png</texturenofocus>
										<onclick>Skin.ToggleSetting(introenabled)</onclick>
										<selected>Skin.HasSetting(introenabled)</selected>
								</control>
						</control>
				</control>
		</controls>
</window>