<?xml version="1.0" encoding="Windows-1252" standalone="yes"?>
<addon id="script.module.requests" name="requests" version="2.4.3" provider-name="kennethreitz, beenje">
		<requires>
				<import addon="xbmc.python" version="2.1.0" />
		</requires>
		<extension point="xbmc.python.module" library="lib" />
		<extension point="xbmc.addon.metadata">
				<summary>Python HTTP for Humans</summary>
				<description>Packed for XBMC from https://github.com/kennethreitz/requests</description>
				<platform>all</platform>
				<language>
				</language>
				<license>Apache2</license>
				<forum>
				</forum>
				<website>http://python-requests.org</website>
				<source>https://github.com/beenje/script.module.requests</source>
				<email>beenje AT gmail.com</email>
		</extension>
</addon>