<window id="0">
	<defaultcontrol always="true">1</defaultcontrol>
	<allowoverlay>no</allowoverlay>
	<animation effect="fade" start="0" end="100" time="300">WindowOpen</animation>
	<animation effect="fade" start="100" end="0" delay="0" time="100">WindowClose</animation>
	<controls>
		<control type="image">
			<posx>0</posx>
			<posy>0</posy>
			<width>1280</width>
			<height>720</height>
			<aspectratio>stretch</aspectratio>
			<texture>background.png</texture>
		</control>
		<control type="label">
			<posx>0</posx>
			<posy>30</posy>
			<width>1280</width>
			<height>80</height>
			<font>font14</font>
			<label>Press (Y) to calibrate screen</label>
			<textcolor>60FFFFFF</textcolor>
			<align>center</align>
			<aligny>center</aligny>
		</control>
		<control type="label">
			<posx>0</posx>
			<posy>0</posy>
			<width>1280</width>
			<height>80</height>
			<font>font35</font>
			<label>Customise Face Button Dashboards</label>
			<textcolor>white</textcolor>
			<align>center</align>
			<aligny>center</aligny>
		</control>
		<control type="label">
			<posx>20</posx>
			<posy>660</posy>
			<width>1280</width>
			<height>80</height>
			<font>font18</font>
			<label>When finished press start to save changes and exit</label>
			<textcolor>white</textcolor>
			<align>left</align>
			<aligny>center</aligny>
		</control>
		<control type="group">
			<control type="image">
				<posx>0</posx>
				<posy>0</posy>
				<width>1280</width>
				<height>720</height>
				<aspectratio>stretch</aspectratio>
				<texture>controller.png</texture>
			</control>
			<control type="button" id="1">
				<posx>10</posx>
				<posy>348</posy>
				<width>280</width>
				<height>36</height>
				<onright>3</onright>
				<onup>2</onup>
				<ondown>2</ondown>
				<label>$INFO[Skin.String(Back_Button)]</label>
				<align>center</align>
				<font>font14</font>
				<textcolor>white</textcolor>
				<onclick>Skin.Reset(Back_Button)</onclick>
				<onclick>Skin.SetFile(Back_Button,,)</onclick>
				<texturefocus border="2,2,2,2">button-focus2.png</texturefocus>
				<texturenofocus border="2,2,2,2">button-nofocus.png</texturenofocus>
			</control>
			<control type="button" id="2">
				<posx>10</posx>
				<posy>385</posy>
				<width>280</width>
				<height>36</height>
				<onright>3</onright>
				<onup>1</onup>
				<ondown>20</ondown>
				<label>$INFO[Skin.String(Start_Button)]</label>
				<align>center</align>
				<font>font14</font>
				<textcolor>white</textcolor>
				<onclick>Skin.Reset(Start_Button)</onclick>
				<onclick>Skin.SetFile(Start_Button,,)</onclick>
				<texturefocus border="2,2,2,2">button-focus2.png</texturefocus>
				<texturenofocus border="2,2,2,2">button-nofocus.png</texturenofocus>
			</control>
			<control type="button" id="3">
				<posx>990</posx>
				<posy>163</posy>
				<width>280</width>
				<height>36</height>
				<onleft>1</onleft>
				<onup>8</onup>
				<ondown>4</ondown>
				<label>$INFO[Skin.String(Y_Button)]</label>
				<align>center</align>
				<font>font14</font>
				<textcolor>white</textcolor>
				<onclick>Skin.Reset(Y_Button)</onclick>
				<onclick>Skin.SetFile(Y_Button,,)</onclick>
				<texturefocus border="2,2,2,2">button-focus2.png</texturefocus>
				<texturenofocus border="2,2,2,2">button-nofocus.png</texturenofocus>
			</control>
			<control type="button" id="4">
				<posx>990</posx>
				<posy>210</posy>
				<width>280</width>
				<height>36</height>
				<onleft>1</onleft>
				<onup>3</onup>
				<ondown>5</ondown>
				<label>$INFO[Skin.String(X_Button)]</label>
				<align>center</align>
				<font>font14</font>
				<textcolor>white</textcolor>
				<onclick>Skin.Reset(X_Button)</onclick>
				<onclick>Skin.SetFile(X_Button,,)</onclick>
				<texturefocus border="2,2,2,2">button-focus2.png</texturefocus>
				<texturenofocus border="2,2,2,2">button-nofocus.png</texturenofocus>
			</control>
			<control type="button" id="5">
				<posx>990</posx>
				<posy>250</posy>
				<width>280</width>
				<height>36</height>
				<onleft>1</onleft>
				<onup>4</onup>
				<ondown>6</ondown>
				<label>$INFO[Skin.String(B_Button)]</label>
				<align>center</align>
				<font>font14</font>
				<textcolor>white</textcolor>
				<onclick>Skin.Reset(B_Button)</onclick>
				<onclick>Skin.SetFile(B_Button,,)</onclick>
				<texturefocus border="2,2,2,2">button-focus2.png</texturefocus>
				<texturenofocus border="2,2,2,2">button-nofocus.png</texturenofocus>
			</control>
			<control type="button" id="6">
				<posx>990</posx>
				<posy>300</posy>
				<width>280</width>
				<height>36</height>
				<onleft>1</onleft>
				<onup>5</onup>
				<ondown>7</ondown>
				<label>$INFO[Skin.String(A_Button)]</label>
				<align>center</align>
				<font>font14</font>
				<textcolor>white</textcolor>
				<onclick>Skin.Reset(A_Button)</onclick>
				<onclick>Skin.SetFile(A_Button,,)</onclick>
				<texturefocus border="2,2,2,2">button-focus2.png</texturefocus>
				<texturenofocus border="2,2,2,2">button-nofocus.png</texturenofocus>
			</control>
			<control type="button" id="7">
				<posx>990</posx>
				<posy>377</posy>
				<width>280</width>
				<height>36</height>
				<onleft>1</onleft>
				<onup>6</onup>
				<ondown>8</ondown>
				<label>$INFO[Skin.String(Black_Button)]</label>
				<align>center</align>
				<font>font14</font>
				<textcolor>white</textcolor>
				<onclick>Skin.Reset(Black_Button)</onclick>
				<onclick>Skin.SetFile(Black_Button,,)</onclick>
				<texturefocus border="2,2,2,2">button-focus2.png</texturefocus>
				<texturenofocus border="2,2,2,2">button-nofocus.png</texturenofocus>
			</control>
			<control type="button" id="8">
				<posx>990</posx>
				<posy>415</posy>
				<width>280</width>
				<height>36</height>
				<onleft>1</onleft>
				<onup>7</onup>
				<ondown>20</ondown>
				<label>$INFO[Skin.String(White_Button)]</label>
				<align>center</align>
				<font>font14</font>
				<textcolor>white</textcolor>
				<onclick>Skin.Reset(White_Button)</onclick>
				<onclick>Skin.SetFile(White_Button,,)</onclick>
				<texturefocus border="2,2,2,2">button-focus2.png</texturefocus>
				<texturenofocus border="2,2,2,2">button-nofocus.png</texturenofocus>
			</control>
			<control type="label">
				<posx>0</posx>
				<posy>470</posy>
				<width>1280</width>
				<height>80</height>
				<font>font14</font>
				<label>Set custom dash</label>
				<textcolor>A0FFFFFF</textcolor>
				<align>center</align>
				<aligny>center</aligny>
			</control>
			<control type="button" id="20">
				<posx>500</posx>
				<posy>525</posy>
				<width>280</width>
				<height>36</height>
				<onright>3</onright>
				<onup>2</onup>
				<ondown>21</ondown>
				<label>$INFO[Skin.String(Override_Dash)]</label>
				<align>center</align>
				<font>font14</font>
				<textcolor>white</textcolor>
				<onclick>Skin.Reset(Override_Dash)</onclick>
				<onclick>Skin.SetFile(Override_Dash,,)</onclick>
				<texturefocus border="2,2,2,2">button-focus2.png</texturefocus>
				<texturenofocus border="2,2,2,2">button-nofocus.png</texturenofocus>
			</control>
			<control type="label">
				<posx>0</posx>
				<posy>540</posy>
				<width>1280</width>
				<height>80</height>
				<font>font14</font>
				<label>Set custom recovery dash</label>
				<textcolor>A0FFFFFF</textcolor>
				<align>center</align>
				<aligny>center</aligny>
			</control>
			<control type="button" id="21">
				<posx>500</posx>
				<posy>596</posy>
				<width>280</width>
				<height>36</height>
				<onright>3</onright>
				<onup>20</onup>
				<ondown>30</ondown>
				<label>$INFO[Skin.String(Recovery_Dash)]</label>
				<align>center</align>
				<font>font14</font>
				<textcolor>white</textcolor>
				<onclick>Skin.Reset(Recovery_Dash)</onclick>
				<onclick>Skin.SetFile(Recovery_Dash,,)</onclick>
				<texturefocus border="2,2,2,2">button-focus2.png</texturefocus>
				<texturenofocus border="2,2,2,2">button-nofocus.png</texturenofocus>
			</control>
			<control type="radiobutton" id="30">
				<posx>485</posx>
				<posy>646</posy>
				<width>310</width>
				<height>36</height>
				<onright>3</onright>
				<onup>21</onup>
				<ondown>-</ondown>
				<label>Disable Virtual-ISO dismounting on IGR</label>
				<align>left</align>
				<font>font14</font>
				<textcolor>white</textcolor>
				<onclick>Skin.ToggleSetting(dismounting_enabled)</onclick>
				<texturefocus border="2,2,2,2">button-focus2.png</texturefocus>
				<texturenofocus border="2,2,2,2">-</texturenofocus>
				<selected>Skin.HasSetting(dismounting_enabled)</selected>
			</control>
		</control>
	</controls>
</window>