<window type="dialog" id="1301">
		<defaultcontrol always="true">9000</defaultcontrol>
		<controls>
				<control type="group">
						<posy>0</posy>
						<control type="image">
								<description>background image</description>
								<posx>320</posx>
								<posy>109</posy>
								<width>640</width>
								<height>502</height>
								<colordiffuse>menu_back_image</colordiffuse>
								<texture border="20,20,20,20">menu_back.png</texture>
						</control>
						<control type="label">
								<description>heading label</description>
								<posx>320</posx>
								<posy>130</posy>
								<width>640</width>
								<height>50</height>
								<align>center</align>
								<aligny>center</aligny>
								<font>size_50</font>
								<label>[UPPERCASE]$LOCALIZE[31290][/UPPERCASE]</label>
								<textcolor>menu_header_label</textcolor>
						</control>
						<!-- Main Menu -->
						<control type="grouplist" id="9000">
								<posx>320</posx>
								<posy>200</posy>
								<width>640</width>
								<height>295</height>
								<onleft>-</onleft>
								<onright>-</onright>
								<onup>9000</onup>
								<ondown>9000</ondown>
								<itemgap>-1</itemgap>
								<control type="button" id="1">
										<posx>0</posx>
										<posy>0</posy>
										<label>[UPPERCASE]$INFO[Skin.CurrentTheme][/UPPERCASE]</label>
										<align>center</align>
										<aligny>center</aligny>
										<texturefocus border="5">button-nofocus4.png</texturefocus>
										<focusedcolor>menu_deselect_label</focusedcolor>
										<include>MenuCustomButtonMenuValues</include>
										<onright>Skin.Reset(Background_Color)</onright>
										<onright>Skin.Reset(Background_Image)</onright>
										<onleft>Skin.Reset(Background_Color)</onleft>
										<onleft>Skin.Reset(Background_Image)</onleft>
										<onright>Skin.Theme(1)</onright>
										<onleft>Skin.Theme(-1)</onleft>
								</control>
						</control>
						<control type="image">
								<posx>338</posx>
								<posy>210</posy>
								<width>30</width>
								<height>30</height>
								<colordiffuse>FF000000</colordiffuse>
								<texture>layouts\art\dpad-h.png</texture>
								<animation effect="fade" delay="100" time="200">visible</animation>
								<animation effect="fade" delay="0" time="0">hidden</animation>
								<visible>Control.HasFocus(1)</visible>
						</control>
						<control type="image">
								<posx>913</posx>
								<posy>210</posy>
								<width>30</width>
								<height>30</height>
								<colordiffuse>FF000000</colordiffuse>
								<texture>layouts\art\dpad-h.png</texture>
								<animation effect="fade" delay="100" time="200">visible</animation>
								<animation effect="fade" delay="0" time="0">hidden</animation>
								<visible>Control.HasFocus(1)</visible>
						</control>
						<control type="image">
								<posx>321</posx>
								<posy>251</posy>
								<width>638</width>
								<height>359</height>
								<aspectratio scalediffuse="false">stretch</aspectratio>
								<texture background="false" diffuse="theme_preview_diffuse.png">black-back.png</texture>
						</control>
						<control type="image">
								<posx>321</posx>
								<posy>251</posy>
								<width>638</width>
								<height>359</height>
								<aspectratio scalediffuse="false">stretch</aspectratio>
								<texture background="true" diffuse="theme_preview_diffuse.png">Special://xbmc/emustation/themes/$INFO[Skin.CurrentTheme]/preview.jpg</texture>
								<fadetime>80</fadetime>
								<visible>Control.HasFocus(1)</visible>
						</control>
				</control>
		</controls>
</window>