<window id="2999">
		<!-- Onload, these are loaded when the window is first loaded -->
		<onload condition="!Skin.HasSetting(firstrun)">ActivateWindow(1310)</onload>
		<onload condition="Skin.HasSetting(firstrun)">ReplaceWindow(Home)</onload>
		<!-- Unload, these are loaded as the window is closed -->
		<onunload condition="Skin.HasSetting(firstrun) + Skin.HasSetting(gameloaded) + Skin.HasSetting(lastromlist)">RunScript(special://emustation_scripts/last_rom_played.py)</onunload>
		<onunload>Skin.Reset(favsloading)</onunload>
		<onunload>Skin.SetBool(xbmc-emustation)</onunload>
		<onunload condition="Skin.HasSetting(firstrun)">RunScript(special://emustation_scripts/playlist_start.py)</onunload>
		<include>defaultassetspaths</include>
		<defaultcontrol always="true">1</defaultcontrol>
		<allowoverlay>no</allowoverlay>
		<controls>
		</controls>
</window>