<?xml version="1.0" encoding="Windows-1252" standalone="yes"?>
<addon id="script.module.beautifulsoup" name="BeautifulSoup" version="3.0.8" provider-name="Leonard Richardson (leonardr@segfault.org)">
		<requires>
				<import addon="xbmc.python" version="1.0" />
		</requires>
		<extension point="xbmc.python.module" library="lib" />
		<extension point="xbmc.addon.metadata">
				<summary>HTML/XML parser for quick-turnaround applications like screen-scraping</summary>
				<description>Beautiful Soup parses arbitrarily invalid SGML and provides a variety of methods and Pythonic idioms for iterating and searching the parse tree.</description>
				<license>BSD</license>
				<platform>all</platform>
		</extension>
</addon>