<synopsis>
<sourcename>Dashloader Customizer-M</sourcename>
<foldername>Dashloader Customizer</foldername>
<title>Dashloader Customizer</title>
<developer>Rocky5</developer>
<publisher>Homebrew</publisher>
<features_general>Custom Xbox Boot Locations</features_general>
<features_online>None</features_online>
<esrb>Not Rated by ESRB</esrb>
<esrb_descriptors>Not Rated by ESRB</esrb_descriptors>
<genre>Application</genre>
<release_date>Unknown</release_date>
<rating>9.0</rating>
<platform>Modified Xbox</platform>
<exclusive>Yes</exclusive>
<titleid>09999992</titleid>
<overview>This is an application that will let you configure the face buttons for launching custom paths with the face buttons of the pad on boot of the Xbox.</overview>
</synopsis>
