﻿<Skin name="Devise v2">
    <Information>
        <Author>Tiro</Author>
        <Version>1</Version>
        <Copyright>2004</Copyright>
        <Skinner Name="UX Architect" Version="1.0c" />
    </Information>
    <IntroMovie>intro2.xmv</IntroMovie>
    <LoadingScreen ShowInfo="False">
        <Background>loading2.xmv</Background>
    </LoadingScreen>
    <Main Globe="False" Orb="False" Fog="False">
        <Background EnableAudio="False">background2.xmv</Background>
        <InfoFont>Square-10.xpr</InfoFont>
        <Image Top="358" Left="506" Width="107" Height="87" Source="GameIcon" />
        <Image Top="356" Left="499" Width="122" Height="93" Opacity="100">transparent.png</Image>
        <Image Top="0" Left="0" Width="640" Height="480" Opacity="100">text.png</Image>
        <Image Source="GamePreview" />
        <Menu Scroll="True" Align="Right" ShowIcon="False">
            <Preview EnableAudio="True" Top="358" Left="506" Width="107" Height="87" />
            <Position Top="293" Left="7" Width="267" Height="168" Fixed="False" FixAt="3" MaxItem="6" />
            <Font>FightThis_15.xpr</Font>
        </Menu>
        <ColorScheme>
            <AMBIENT_FOGCOLOR>0x00000000</AMBIENT_FOGCOLOR>
            <AMBIENT_SKYCOLOR>0x0000000F</AMBIENT_SKYCOLOR>
            <AMBIENT_CELLCOLOR>0x00000000</AMBIENT_CELLCOLOR>
            <CAPTION_TEXTCOLOR>0xFFFFFFFF</CAPTION_TEXTCOLOR>
            <CAPTION_BACKCOLOR>0xFF000000</CAPTION_BACKCOLOR>
            <DIALOG_BORDERCOLOR>0x539AE469</DIALOG_BORDERCOLOR>
            <DIALOG_BACKCOLOR>0x9C3A5A0C</DIALOG_BACKCOLOR>
            <DIALOG_INNER_BORDERCOLOR>0xFF555555</DIALOG_INNER_BORDERCOLOR>
            <DIALOG_INNER_BACKCOLOR>0xA5484848</DIALOG_INNER_BACKCOLOR>
            <DIALOG_TEXTCOLOR>0xFFDBDBDB</DIALOG_TEXTCOLOR>
            <DIALOG_DISABLEDTEXT>0x84FFFFFF</DIALOG_DISABLEDTEXT>
            <OPTION_TEXTCOLOR>0xFFFFFFFF</OPTION_TEXTCOLOR>
            <OPTION_ACTIVETEXTCOLOR>0xFF000000</OPTION_ACTIVETEXTCOLOR>
            <OPTION_ACTIVEBACKCOLOR>0xFF9EC029</OPTION_ACTIVEBACKCOLOR>
            <BUTTON_BORDERCOLOR>0xFF3A3A3A</BUTTON_BORDERCOLOR>
            <BUTTON_TEXTCOLOR>0xFFC4C400</BUTTON_TEXTCOLOR>
            <BUTTON_BACKCOLOR>0x8E555555</BUTTON_BACKCOLOR>
            <BUTTON_ACTIVETEXTCOLOR>0xFF555555</BUTTON_ACTIVETEXTCOLOR>
            <BUTTON_ACTIVEBACKCOLOR>0x6D9EC029</BUTTON_ACTIVEBACKCOLOR>
            <KB_KEYBG_HIGHLIGHT>0x07000000</KB_KEYBG_HIGHLIGHT>
            <KB_KEYBG_DISABLED>0xFF2C2C2C</KB_KEYBG_DISABLED>
            <KB_KEY_PRESSED>0xFF808080</KB_KEY_PRESSED>
            <KB_KEY_NORMAL>0xFF4B4B4B</KB_KEY_NORMAL>
            <KB_KEY_DISABLED>0xFF808080</KB_KEY_DISABLED>
            <KB_KEY_ACTIVEBORDER>0xFFFFFFFF</KB_KEY_ACTIVEBORDER>
            <KB_KEY_TEXTCOLOR>0xFFFFFFFF</KB_KEY_TEXTCOLOR>
            <KB_KEY_TEXTBACKCOLOR>0xFF151515</KB_KEY_TEXTBACKCOLOR>
            <KB_KEY_TEXTBORDERCOLOR>0xFF000000</KB_KEY_TEXTBORDERCOLOR>
            <MENU_TEXTCOLOR>0xFFA3A3A3</MENU_TEXTCOLOR>
            <MENU_ACTIVETEXTCOLOR>0xFFFFFFFF</MENU_ACTIVETEXTCOLOR>
        </ColorScheme>
    </Main>
</Skin>