﻿<Skin name="UXH2">
    <Information>
        <Author>Rexmundi412</Author>
        <Version>1</Version>
        <Copyright>2011</Copyright>
        </Information>

	<!--Main-->
    <Main Globe="False" Orb="False" Fog="False">
        <Background EnableAudio="False">UXH2BG.wmv</Background>
        <InfoFont>ArialUni-10.xpr</InfoFont>
		<Image Top="0" Left="0" Width="640" Height="480" Opacity="100">overlay.png</Image>
		<IntroMovie>UXH2introV1.wmv</IntroMovie>
		<LoadingScreen ShowInfo="False">
			<Background>loading.png</Background>
		</LoadingScreen>
		<FileManager SafeBorder="False">
			<BackGround>filemanager.png</BackGround>
		</FileManager>		
		<Text Top="36" Left="340" Width="290" Scroll="2" Color="0xFF3EC0FF" Source="$Newsfeed$"></Text>
        <Text Top="10" Left="10" Width="200" Scroll="0" Color="0xFF0080C0" Source="DateTime" Align="Left" />
        <Text Top="10" Left="520" Width="200" Scroll="0" Color="0xFF0080C0" Source="Tray" Align="Left" />
        <Text Top="10" Left="250" Width="200" Scroll="0" Color="0xFF0080C0" Source="NickName" Align="Left" />
		<Text Top="412" Left="10" Width="350" Scroll="2" Color="0xFF3EC0FF" Source="$SongName$"></Text>
        <Text Top="430" Left="250" Width="200" Scroll="0" Color="0xFF0080C0" Source="CPUTemp" Align="Left" />
        <Text Top="450" Left="250" Width="200" Scroll="0" Color="0xFF0080C0" Source="MBTemp" Align="Left" />
        <Text Top="440" Left="450" Width="200" Scroll="0" Color="0xFF0080C0" Source="IP" Align="Left" />
        <Text Top="450" Left="10" Width="200" Scroll="0" Color="0xFF0080C0" Source="F_FreeMB" Align="Left" />
        <Text Top="430" Left="10" Width="200" Scroll="0" Color="0xFF0080C0" Source="E_FreeMB" Align="Left" />
        <Image Top="167" Left="101" Width="128" Height="128" Source="GameIcon" />
        <Image Source="GamePreview" />
        <Menu Align="Left" ShowIcon="True" ShowArrows="False">
            <Preview EnableAudio="True" Top="165" Left="100" Width="134" Height="132" />
            <ItemPos Top="144" Left="290" Width="500"></ItemPos>
            <ItemPos Top="184" Left="310" Width="500"></ItemPos>
            <ItemPos Top="224" Left="330" Width="500"></ItemPos>
            <ItemPos Top="264" Left="310" Width="500"></ItemPos>
            <ItemPos Top="304" Left="290" Width="500"></ItemPos>
            <Font>Halo_16.xpr</Font>
        </Menu>
		
	<!--ColorScheme-->
        <ColorScheme>
            <AMBIENT_FOGCOLOR>0x78FFFFFF</AMBIENT_FOGCOLOR>
            <AMBIENT_SKYCOLOR>0xFF00326F</AMBIENT_SKYCOLOR>
            <AMBIENT_CELLCOLOR>0x7800C000</AMBIENT_CELLCOLOR>
            <CAPTION_TEXTCOLOR>0xFFE0E0E0</CAPTION_TEXTCOLOR>
            <CAPTION_BACKCOLOR>0x004274FF</CAPTION_BACKCOLOR>
            <DIALOG_BORDERCOLOR>0xFF0080C0</DIALOG_BORDERCOLOR>
            <DIALOG_BACKCOLOR>0xFF014E8B</DIALOG_BACKCOLOR>
            <DIALOG_INNER_BORDERCOLOR>0xFF0080C0</DIALOG_INNER_BORDERCOLOR>
            <DIALOG_INNER_BACKCOLOR>0xFF006FA4</DIALOG_INNER_BACKCOLOR>
            <DIALOG_TEXTCOLOR>0xFF48C4FF</DIALOG_TEXTCOLOR>
            <DIALOG_DISABLEDTEXT>0xFFA7A7A7</DIALOG_DISABLEDTEXT>
            <OPTION_TEXTCOLOR>0xFF3EC0FF</OPTION_TEXTCOLOR>
            <OPTION_ACTIVETEXTCOLOR>0xFFB3E7FF</OPTION_ACTIVETEXTCOLOR>
            <OPTION_ACTIVEBACKCOLOR>0xFF014E8B</OPTION_ACTIVEBACKCOLOR>
            <BUTTON_BORDERCOLOR>0xFF06AEFF</BUTTON_BORDERCOLOR>
            <BUTTON_TEXTCOLOR>0xFF06AEFF</BUTTON_TEXTCOLOR>
            <BUTTON_BACKCOLOR>0xFF006B9F</BUTTON_BACKCOLOR>
            <BUTTON_ACTIVETEXTCOLOR>0xFF014E8B</BUTTON_ACTIVETEXTCOLOR>
            <BUTTON_ACTIVEBACKCOLOR>0xFF0080C0</BUTTON_ACTIVEBACKCOLOR>
            <KB_KEYBG_HIGHLIGHT>0xFF0098E1</KB_KEYBG_HIGHLIGHT>
            <KB_KEYBG_DISABLED>0x784D4D4D</KB_KEYBG_DISABLED>
            <KB_KEY_PRESSED>0xFF3EC0FF</KB_KEY_PRESSED>
            <KB_KEY_NORMAL>0xFF0080C0</KB_KEY_NORMAL>
            <KB_KEY_DISABLED>0xFF004F75</KB_KEY_DISABLED>
            <KB_KEY_ACTIVEBORDER>0xFF0095DD</KB_KEY_ACTIVEBORDER>
            <KB_KEY_TEXTCOLOR>0xFFEAEAEA</KB_KEY_TEXTCOLOR>
            <KB_KEY_TEXTBACKCOLOR>0xFF006595</KB_KEY_TEXTBACKCOLOR>
            <KB_KEY_TEXTBORDERCOLOR>0x780080C0</KB_KEY_TEXTBORDERCOLOR>
            <MENU_TEXTCOLOR>0xFF5ECBFF</MENU_TEXTCOLOR>
            <MENU_ACTIVETEXTCOLOR>0xFFF2F2F2</MENU_ACTIVETEXTCOLOR>
            <MENU_BORDERCOLOR>0xFF0080C0</MENU_BORDERCOLOR>
            <MENU_BACKCOLOR>0xFF3F2DA8</MENU_BACKCOLOR>
            <MENU_ACTIVEBACKCOLOR>0xFF0070A6</MENU_ACTIVEBACKCOLOR>
            <MENU_ACTIVEBORDERCOLOR>0xFF0080C0</MENU_ACTIVEBORDERCOLOR>
			
	<!--MusicPlayer-->
		<MusicPlayer Left="120" Top="20" Width="399" Height="182" Relative="True">
		<BackGround>mp.png</BackGround>
		<Image Left="52" Top="137" Width="79" Height="18" zIndex="3">mp_vol_Overlay.png</Image>
		<ButtonMap>mp_Buttons.png</ButtonMap>	

		<Element Type="PrevTrack" Left="10" Top="105" Width="32" Height="44" />
		<Element Type="Play" Left="200" Top="133" Width="32" Height="44" zIndex="3" />
		<Element Type="Pause" Left="232" Top="135" Width="32" Height="44" zIndex="3" />
		<Element Type="Stop" Left="260" Top="135" Width="32" Height="44" zIndex="3" />
		<Element Type="Prev" Left="290" Top="135" Width="32" Height="44" zIndex="3" />
		<Element Type="Next" Left="313" Top="135" Width="32" Height="44" zIndex="3" />
		<Element Type="Mute" Left="350" Top="140" Width="32" Height="22" zIndex="3" />
		<Element Type="Random" Left="350" Top="155" Width="32" Height="22" zIndex="3" />
		<Element Type="NextTrack" Left="350" Top="105" Width="32" Height="44" />
		<Element Type="Meter" Left="255" Top="0" Width="200" Height="100" zIndex="2" Relative="True"/>
		<Element Type="Progress" Left="38" Top="125" Width="320" Height="5" Direction="right" zIndex="2"/>
		<Element Type="Volume" Left="52" Top="137" Width="77" Height="16" Direction="right"/>
		<Element Type="SongStatus" Left="15" Top="53" Width="15" Height="15" zIndex="2" />

		<Text Left="40" Top="35" Width="80" Height="10" Color="0xFFFFFFFF" Source="Current" Font="MSS10" Align="left" ScaleX="80" ScaleY="80" zIndex="3" />
		<Text Left="40" Top="48" Width="80" Height="30" Color="0xFFB3E7FF" Source="SongTime" Font="MSS12" Align="left" ScaleX="120" ScaleY="120" zIndex="3" />
		<Text Left="140" Top="35" Width="80" Height="10" Color="0xFFFFFFFF" Source="Total" Font="MSS10" Align="left" ScaleX="80" ScaleY="80" zIndex="3" />
		<Text Left="140" Top="48" Width="80" Height="30" Color="0xFFB3E7FF" Source="SongLength" Font="MSS12" Align="left" ScaleX="120" ScaleY="120" zIndex="3" />
		<Text Left="17" Top="88" Width="370" Height="40" Color="0xFFFFFFFF" Source="SongTrack" Scroll="2" Font="MSS12" ScaleX="200" ScaleY="200" zIndex="3" />
		<Text Left="40" Top="75" Width="100" Height="30" Color="0xFFFFFFFF" Source="SongBitRate" Font="MSS10" Align="left" ScaleX="100" ScaleY="100" zIndex="3" />
		<Text Left="140" Top="75" Width="80" Height="30" Color="0xFFFFFFFF" Source="SongChannel" Font="MSS10" Align="left" ScaleX="100" ScaleY="100" zIndex="3" />
		<Playlist Top="210" Left="70" Width="500" Height="250" OffsetX="10" OffsetY="20">
			<BackGround>mp_pl.png</BackGround>
		</Playlist>
		
	</MusicPlayer>			
			
	<!-- LED color-->
		<MMForeColor>0xFF014E8B</MMForeColor>
		<MMOffForeColor>0xFFB3E7FF</MMOffForeColor>

	<!-- Peak meter color-->
	<!-- Here, we just want a uniform color, Dark is low, light is high-->
		<MMDarkBarColor>0xFF006FA4</MMDarkBarColor>
		<MMLightBarColor>0xFFB3E7FF</MMLightBarColor>
        </ColorScheme>
    </Main>
</Skin>